temp,dew_pot,humidity,pressure,visibility,windspeedslow,windspeedcalm,windspeedhigh,windspeedveryhigh,lightrain,mostlycloudy,heavyrain,scatteredclouds,clearclouds,equipment_failure,power_outage
59,57,0.93,29.91,5,0,1,0,0,1,0,0,0,0,0.8,1
59,57,0.93,29.91,7,1,0,0,0,1,0,0,0,0,0.89,1
59,57,0.93,29.91,7,1,0,0,0,1,0,0,0,0,0.94,1
60.1,57,0.9,29.91,6,1,0,0,0,1,0,0,0,0,0.922,1
60.8,57.2,0.88,29.9,6,0,1,0,0,1,0,0,0,0,0.978764397,1
60.1,57.9,0.93,29.9,6,0,1,0,0,1,0,0,0,0,0.971595567,1
59,57,0.93,29.9,8,0,1,0,0,1,0,0,0,0,0.97337931,1
60.1,57,0.9,29.9,5,0,1,0,0,1,0,0,0,0,1,1
59,55.9,0.9,29.9,3,1,0,0,0,1,0,0,0,0,0.4,0
59,57,0.93,29.9,3,0,1,0,0,1,0,0,0,0,0.3823688,0
59,55.9,0.9,29.89,4,0,1,0,0,1,0,0,0,0,0.330163814,0
59,55.9,0.9,29.89,10,1,0,0,0,0,0,0,0,0,0.465664066,0
59,57,0.93,29.89,10,0,1,0,0,0,0,0,0,0,0.024677537,0
59,57,0.93,29.89,10,1,0,0,0,0,0,0,0,0,0.927552347,1
59,55.9,0.9,29.89,7,1,0,0,0,1,0,0,0,0,0.934701805,1
57.9,55.9,0.93,29.89,10,0,1,0,0,0,1,0,0,0,0.927552347,1
57.9,55.9,0.93,29.91,10,0,1,0,0,0,1,0,0,0,0.934701805,1
59,55,0.87,29.92,10,0,1,0,0,1,0,0,0,0,0.936442349,1
59,55,0.87,29.93,10,0,1,0,0,1,0,0,0,0,0.057280205,0
60.1,55.9,0.86,29.94,7,1,0,0,0,1,0,0,0,0,0.3823688,0
61,55.9,0.83,29.95,10,1,0,0,0,1,0,0,0,0,0.491427333,0
62.1,55.9,0.8,29.94,10,0,1,0,0,0,0,0,0,0,0.266524838,0
64,55.9,0.75,29.92,10,0,1,0,0,0,0,0,0,0,0.346234209,0
63,55.9,0.78,29.91,10,0,0,1,0,0,0,0,0,0,0.165120446,0
63,55,0.75,29.89,10,0,1,0,0,0,0,0,0,0,0.113002714,0
63,55.9,0.78,29.88,10,1,0,0,0,1,0,0,0,0,0.329366794,0
63,55,0.75,29.87,10,0,1,0,0,0,0,0,0,0,0.294695003,0
62.1,55,0.78,29.86,10,0,0,1,0,0,0,0,0,0,0.345858092,0
61,55.9,0.83,29.87,8,0,0,1,0,1,0,0,0,0,0.310090359,0
60.1,55.9,0.86,29.87,8,0,0,1,0,1,0,0,0,0,0.628671655,0
59,55.9,0.9,29.88,9,0,1,0,0,1,0,0,0,0,0.866096722,0
59,55.9,0.9,29.88,10,0,1,0,0,1,0,0,0,0,0.553878353,0
59,55.9,0.9,29.9,10,1,0,0,0,1,0,0,0,0,0.874657035,0
59,55.9,0.9,29.9,8,1,0,0,0,1,0,0,0,0,0.766840317,0
57.9,55.9,0.93,29.9,8,1,0,0,0,1,0,0,0,0,0.750908929,0
69.1,51.1,0.53,29.96,10,0,1,0,0,0,0,0,0,1,0.97246067,1
70,44.1,0.39,29.96,10,0,1,0,0,0,0,0,0,1,0.899128879,1
66.9,46.9,0.49,29.96,10,0,1,0,0,0,0,0,0,1,0.823214372,1
66.9,45,0.45,29.95,10,0,0,1,0,0,0,0,0,1,0.207071866,0
66,45,0.47,29.94,10,0,1,0,0,0,0,0,0,1,0.202972633,0
64.9,42.1,0.43,29.95,10,0,0,1,0,0,1,0,0,0,0.207481699,0
64,42.1,0.45,29.95,10,0,0,1,0,0,1,0,0,0,0.380204761,0
62.1,48.9,0.62,29.96,10,0,1,0,0,0,0,0,0,0,0.082761113,0
63,50,0.63,29.96,10,0,1,0,0,0,0,0,0,0,0.242473361,0
66.9,51.1,0.57,29.96,10,0,1,0,0,0,0,0,0,0,0.40762686,0
71.1,48.9,0.45,29.96,10,0,1,0,0,0,0,0,0,0,0.478963798,0
73,46.9,0.39,29.95,10,0,0,1,0,0,0,0,0,0,0.32545719,0
77,36,0.23,29.93,10,0,0,0,1,0,0,0,0,0,0.348034464,0
75,39.9,0.28,29.92,10,0,0,1,0,0,1,0,0,0,0.278169146,0
75,45,0.34,29.9,10,0,0,1,0,0,1,0,0,0,0.010986473,0
75.9,46.9,0.36,29.88,10,0,1,0,0,0,1,0,0,0,0.428100213,0
72,48,0.43,29.9,10,0,0,1,0,0,1,0,0,0,0.243373004,0
68,48,0.49,29.9,10,0,1,0,0,0,1,0,0,0,0.014290462,0
66.9,48,0.51,29.9,10,0,1,0,0,0,0,0,0,0,0.361527938,0
66,48,0.52,29.9,10,0,1,0,0,0,0,0,0,0,0.264290113,0
64,48.9,0.58,29.92,10,0,1,0,0,0,1,0,0,0,0.237375243,0
62.1,51.1,0.67,29.92,10,0,1,0,0,0,1,0,0,0,0.183996024,0
61,52,0.72,29.92,10,0,0,1,0,0,0,0,1,0,0.202094809,0
59,52,0.78,29.92,10,0,1,0,0,0,0,0,1,0,0.062920609,0
55.9,51.1,0.84,30.06,10,0,1,0,0,0,0,0,0,1,0.843688304,1
54,50,0.86,30.07,10,0,1,0,0,0,0,0,0,1,0.812599461,1
54,50,0.86,30.06,10,0,1,0,0,0,0,0,0,1,0.800607998,1
54,48.9,0.83,30.04,10,0,1,0,0,0,0,0,0,1,0.589444302,0
54,48.9,0.83,30.05,10,0,1,0,0,0,0,0,0,1,0.88344191,0
53.1,48.9,0.86,30.05,10,0,0,1,0,0,0,0,0,0,0.587561967,0
54,48,0.8,30.06,10,0,0,1,0,0,1,0,0,0,0.655938237,0
54,48.9,0.83,30.06,10,0,0,1,0,0,1,0,0,0,0.786990032,0
55.9,50,0.8,30.06,10,0,0,1,0,0,1,0,0,0,0.879060115,0
60.1,50,0.69,30.06,10,0,0,1,0,0,1,0,0,0,0.519645384,0
64.9,51.1,0.61,30.06,10,0,0,1,0,0,1,0,0,0,0.797501076,0
69.1,52,0.54,30.05,10,0,0,1,0,0,1,0,0,0,0.861241348,0
71.1,54,0.55,30.04,10,0,0,1,0,0,1,0,0,0,0.32545719,0
71.1,54,0.55,30.04,10,0,0,1,0,0,1,0,0,0,0.348034464,0
66.9,55,0.66,30.04,10,0,0,0,1,0,1,0,0,0,0.278169146,0
66.9,55,0.66,30.04,10,0,0,1,0,0,1,0,0,0,0.010986473,0
66.9,57,0.7,30.04,10,0,1,0,0,1,0,0,0,0,0.428100213,0
66,55,0.68,30.04,10,0,0,1,0,0,1,0,0,0,0.243373004,0
64.9,54,0.68,30.04,10,0,0,1,0,0,1,0,0,0,0.014290462,0
63,53.1,0.7,30.05,10,0,1,0,0,0,1,0,0,0,0.361527938,0
62.1,53.1,0.72,30.06,10,0,1,0,0,0,1,0,0,0,0.264290113,0
62.1,53.1,0.72,30.07,10,0,1,0,0,0,1,0,0,0,0.237375243,0
59,54,0.83,30.09,10,0,1,0,0,0,0,0,0,0,0.183996024,0
57,51.1,0.81,30.1,10,1,0,0,0,1,0,0,0,0,0.202094809,0
51.1,48.9,0.92,29.78,4,0,0,1,0,0,0,0,0,0,0.861568147,1
51.1,48.9,0.92,29.79,3,0,0,1,0,0,0,1,0,0,0.842400426,1
50,46.9,0.89,29.79,4,0,1,0,0,0,0,1,0,0,0.924244348,1
50,46,0.86,29.79,6,1,0,0,0,0,0,0,0,0,0.948253714,1
50,46,0.86,29.76,10,0,1,0,0,1,0,0,0,0,0.89156026,1
48.9,45,0.86,29.75,10,0,1,0,0,0,0,0,0,0,0.918215852,1
48.9,44.1,0.83,29.74,10,1,0,0,0,1,0,0,0,0,0.202972633,0
48.9,44.1,0.83,29.73,10,0,1,0,0,0,0,0,0,0,0.207481699,0
48.9,44.1,0.83,29.74,8,0,1,0,0,0,0,0,0,0,0.380204761,0
48.9,45,0.86,29.76,10,0,1,0,0,0,1,0,0,0,0.082761113,0
50,44.1,0.8,29.77,10,0,1,0,0,0,1,0,0,0,0.242473361,0
53.1,45,0.74,29.79,10,0,1,0,0,0,0,0,1,0,0.40762686,0
55.9,45,0.67,29.81,10,0,1,0,0,0,1,0,0,0,0.308001883,0
51.1,44.1,0.77,29.84,2.5,0,0,0,1,1,0,0,0,0,0.273774775,0
50,45,0.83,29.84,4,0,0,1,0,0,0,0,0,0,0.079245439,0
51.1,44.1,0.77,29.85,10,0,1,0,0,0,0,0,0,0,0.395743677,0
54,45,0.72,29.84,10,0,0,1,0,0,0,0,0,0,0.16857479,0
54,46,0.75,29.85,10,0,0,1,0,0,1,0,0,0,0.348417221,0
57,43,0.59,29.84,10,0,0,0,1,0,1,0,0,0,0.067657655,0
57,43,0.59,29.86,10,0,0,1,0,0,1,0,0,0,0.34144334,0
55,46,0.72,29.89,10,0,0,1,0,1,0,0,0,0,0.289280891,0
53.1,46,0.77,29.91,6,0,0,1,0,1,0,0,0,0,0.200023114,0
52,44.1,0.74,29.94,2.5,0,0,0,1,0,0,1,0,0,0.125444135,0
50,44.1,0.8,29.94,3,0,0,1,0,0,0,0,0,0,0.177913587,0
51.1,46,0.83,29.93,8,0,0,1,0,1,0,0,0,0,0.20045221,0
51.1,46,0.83,29.94,10,0,1,0,0,1,0,0,0,0,0.210940114,0
51.1,46,0.83,29.96,10,0,1,0,0,0,1,0,0,0,0.422996203,0
50,45,0.83,29.97,10,1,0,0,0,0,0,0,1,0,0.447217085,0
48.9,44.1,0.83,29.99,10,0,1,0,0,0,0,0,1,0,0.427449247,0
48.9,44.1,0.83,30,10,1,0,0,0,0,1,0,0,0,0.435750034,0
66,43,0.43,29.71,10,0,0,1,0,0,0,0,0,1,0.005118654,0
64.9,45,0.48,29.68,10,0,0,1,0,0,0,0,0,1,0.276095807,0
64.9,46,0.5,29.68,10,0,0,1,0,0,0,0,0,1,0.101573406,0
63,46.9,0.56,29.69,10,0,1,0,0,0,0,0,0,1,0.476608423,0
63,46.9,0.56,29.66,10,0,0,1,0,0,0,0,0,1,0.596617119,0
64.9,43,0.45,29.67,10,0,0,1,0,0,0,0,0,0,0.36907369,0
64.9,44.1,0.47,29.64,10,0,0,1,0,0,0,0,0,0,0.487546668,0
66,43,0.43,29.63,10,0,0,0,1,0,0,0,0,0,0.457680239,0
66,43,0.43,29.63,10,0,0,1,0,0,1,0,0,0,0.921605,1
66,42.1,0.42,29.65,10,0,0,1,0,0,1,0,0,0,0.92649953,1
66.9,42.1,0.4,29.67,10,0,0,0,1,0,1,0,0,0,0.897489946,1
64.9,46.9,0.52,29.67,10,0,0,1,0,0,1,0,0,0,0.910772533,1
64.9,51.1,0.61,29.66,10,0,0,1,0,0,1,0,0,0,0.973163576,1
64.9,51.1,0.61,29.64,10,0,0,0,1,0,1,0,0,0,0.943105533,1
64.9,50,0.58,29.61,10,0,0,0,1,0,1,0,0,0,0.897775321,1
66,46,0.48,29.58,10,0,0,0,1,0,1,0,0,0,0.99751852,1
66,46.9,0.5,29.58,10,0,0,1,0,0,1,0,0,0,0.917068936,1
64.9,48,0.54,29.57,10,0,0,0,1,0,1,0,0,0,0.908187666,1
64,48.9,0.58,29.57,10,0,0,0,1,0,1,0,0,0,0.808278099,1
64,50,0.6,29.56,10,0,0,0,1,0,1,0,0,0,0.626336391,1
60.8,53.6,0.77,29.55,7,0,0,0,1,1,0,0,0,0,0.730352684,0
60.1,53.1,0.78,29.56,7,0,0,0,1,1,0,0,0,0,0.720762988,0
60.1,54,0.8,29.55,5,0,0,0,1,1,0,0,0,0,0.666255836,0
59,54,0.83,29.56,5,0,0,1,0,1,0,0,0,0,0.700439287,0
55.4,51.8,0.88,29.59,2.5,0,0,1,0,0,0,1,0,0,0.887401226,1
55,51.1,0.86,29.59,3,0,0,1,0,0,0,1,0,0,0.938891534,1
53.1,48.9,0.86,29.6,8,0,0,0,1,1,0,0,0,0,0.918198889,1
52,46.9,0.83,29.65,10,0,1,0,0,0,0,0,0,0,0.911374995,1
52,46.9,0.83,29.68,10,0,0,1,0,1,0,0,0,0,0.953620993,1
52,46.9,0.83,29.7,10,0,1,0,0,0,1,0,0,0,0.909386621,1
52,46.9,0.83,29.71,10,0,1,0,0,0,1,0,0,0,0.899883372,1
57,45,0.64,30.01,9,0,1,0,0,1,0,0,0,0,0.034435299,0
54,48,0.8,30.02,10,0,1,0,0,0,1,0,0,0,0.109822993,0
54,48.9,0.83,30.02,10,1,0,0,0,0,0,0,0,0,0.313728962,0
54,48,0.8,30.02,10,0,1,0,0,0,1,0,0,0,0.911374995,1
52,48,0.86,30.04,10,1,0,0,0,0,0,0,1,0,0.968030269,1
51.1,46.9,0.86,30.04,10,0,1,0,0,0,0,0,0,0,0.940237886,1
52,46,0.8,30.06,10,1,0,0,0,0,0,0,1,0,0.899873836,1
52,46.9,0.83,30.08,10,1,0,0,0,0,0,0,1,0,0.984748403,1
55,46.9,0.74,30.09,10,0,1,0,0,0,1,0,0,0,0.945269925,1
55.9,46.9,0.72,30.1,10,0,1,0,0,0,1,0,0,0,0.911348808,1
55.9,46,0.69,30.11,10,1,0,0,0,0,1,0,0,0,0.899873836,1
57,45,0.64,30.11,10,0,1,0,0,0,1,0,0,0,0.679051533,0
59,46,0.62,30.09,10,0,0,1,0,0,1,0,0,0,0.577760104,0
57.9,48,0.7,30.08,10,0,1,0,0,0,1,0,0,0,0.777007458,0
54,48,0.8,30.08,10,0,0,1,0,0,0,0,0,0,0.703517573,0
57,48,0.72,30.09,10,0,0,1,0,1,0,0,0,0,0.836260326,0
55.9,46.9,0.72,30.1,10,0,1,0,0,0,1,0,0,0,0.79826283,0
55,48,0.77,30.12,10,0,0,1,0,0,1,0,0,0,0.667794389,0
53.1,48,0.83,30.13,8,0,1,0,0,1,0,0,0,0,0.567761008,0
52,46.9,0.83,30.14,10,0,1,0,0,0,1,0,0,0,0.657180239,0
52,46,0.8,30.14,10,0,1,0,0,0,0,0,1,0,0.796204144,0
52,46,0.8,30.15,10,0,1,0,0,0,1,0,0,0,0.576730932,0
50,46,0.86,30.16,10,0,1,0,0,0,0,0,1,0,0.150820271,0
48.9,45,0.86,30.17,10,0,1,0,0,0,0,0,1,0,0.117246433,0
48.9,46,0.9,30.16,10,1,0,0,0,0,0,0,0,0,0.357386164,0
48,45,0.89,30.17,10,0,1,0,0,0,0,0,0,0,0.187228756,0
53.1,50,0.89,30.22,10,0,1,0,0,0,1,0,0,0,0.940237886,1
52,50,0.93,30.23,10,1,0,0,0,0,0,0,0,0,0.155335864,0
51.1,48.9,0.92,30.23,9,0,1,0,0,0,0,0,1,0,0.039251623,0
50,48,0.93,30.23,10,1,0,0,0,0,0,0,0,1,0.333209399,0
50,48,0.93,30.22,10,0,1,0,0,0,1,0,0,0,0.150820271,0
50,48,0.93,30.22,9,0,1,0,0,0,1,0,0,0,0.408697365,0
50,48.2,0.94,30.22,8,1,0,0,0,0,0,0,1,0,0.057710317,0
50,48,0.93,30.22,8,1,0,0,0,0,0,0,0,0,0.088675879,0
48.9,46.9,0.93,30.22,8,1,0,0,0,0,1,0,0,0,0.088675879,0
48.9,48,0.97,30.22,8,1,0,0,0,0,0,0,0,0,0.102042499,0
50,48.9,0.96,30.22,9,0,1,0,0,0,0,0,0,0,0.405098881,0
51.1,48.9,0.92,30.23,5,0,1,0,0,0,0,0,0,0,0.177855034,0
53.1,50,0.89,30.25,6,0,1,0,0,0,0,0,0,0,0.091001598,0
53.1,50,0.89,30.27,5,0,1,0,0,0,0,0,0,0,0.315539967,0
54,51.1,0.9,30.28,4,1,0,0,0,0,0,0,0,0,0.439462381,0
54,50,0.86,30.28,5,0,1,0,0,0,1,0,0,0,0.360296655,0
57.9,51.1,0.78,30.27,9,1,0,0,0,0,1,0,0,0,0.05523916,0
60.1,50,0.69,30.24,10,0,1,0,0,0,1,0,0,0,0.128557587,0
62.1,51.1,0.67,30.21,10,1,0,0,0,0,1,0,0,0,0.156947866,0
64.9,46.9,0.52,30.19,10,1,0,0,0,0,1,0,0,0,0.079251464,0
64.9,51.1,0.61,30.19,10,0,1,0,0,0,1,0,0,0,0.371882326,0
64,51.1,0.63,30.19,10,0,1,0,0,0,1,0,0,0,0.360125192,0
61,51.1,0.7,30.19,10,0,1,0,0,0,1,0,0,0,0.122148635,0
57.9,51.1,0.78,30.2,10,0,1,0,0,0,0,0,1,0,0.067341045,0
55.9,50,0.8,30.22,10,0,1,0,0,0,0,0,1,0,0.067237108,0
55.9,48.9,0.77,30.24,10,0,1,0,0,0,0,0,1,0,0.192046382,0
55,48.9,0.8,30.24,10,1,0,0,0,0,0,0,0,0,0.180101169,0
55,50,0.83,30.23,10,0,1,0,0,0,0,0,1,0,0.490643789,0
55,48.9,0.8,30.24,10,0,1,0,0,0,0,0,1,0,0.394750853,0
54,48.9,0.83,30.23,10,0,1,0,0,0,1,0,0,0,0.277956563,0
57,55.9,0.96,30.08,2.5,0,0,1,0,0,0,1,0,0,0.908857032,1
57,55.9,0.96,30.07,3,0,0,1,0,0,0,0,0,0,0.256802217,0
57,55.9,0.96,30.06,6,0,1,0,0,0,0,0,0,0,0.234923763,0
57,57,1,30.07,5,1,0,0,0,0,0,0,0,0,0.410275871,0
57,57,1,30.07,3,0,1,0,0,0,0,0,0,0,0.467516364,0
57,57,1,30.07,2.5,0,1,0,0,0,0,1,0,0,0.315867614,0
57,57,1,30.07,1.8,0,1,0,0,0,0,1,0,0,0.389322813,0
57,57,1,30.08,1.8,0,1,0,0,0,0,1,0,0,0.043591213,0
57,57,1,30.08,2,0,1,0,0,0,0,1,0,0,0.223363309,0
57,55.9,0.96,30.08,4,1,0,0,0,0,0,0,0,0,0.477986177,0
57,57,1,30.09,6,1,0,0,0,0,0,0,0,0,0.209271913,0
55.9,55.9,1,30.09,7,0,1,0,0,1,0,0,0,0,0.165539338,0
55.4,55.4,1,30.07,10,0,0,1,0,0,1,0,0,0,0.3079582,0
55.9,55,0.97,30.07,10,0,0,1,0,0,1,0,0,0,0.27831151,0
55,52,0.89,30.11,10,1,0,0,0,0,0,0,0,0,0.212940072,0
55,53.1,0.93,30.14,10,0,1,0,0,0,1,0,0,0,0.259838982,0
53.1,51.1,0.93,30.14,10,0,1,0,0,0,0,0,0,0,0.015061069,0
55,52,0.89,30.14,10,0,1,0,0,0,0,0,1,0,0.07688723,0
59,53.1,0.81,30.16,10,0,1,0,0,0,0,0,0,0,0.038983266,0
62.1,52,0.7,30.16,10,0,0,1,0,0,0,0,1,0,0.326493738,0
64,52,0.65,30.16,10,0,1,0,0,0,1,0,0,0,0.43443816,0
64.9,52,0.63,30.14,10,0,1,0,0,0,0,0,0,0,0.335222223,0
64.9,51.1,0.61,30.12,10,0,1,0,0,0,1,0,0,0,0.178085352,0
64,51.1,0.63,30.14,10,0,1,0,0,0,1,0,0,0,0.365886214,0
64,50,0.6,30.15,10,0,1,0,0,0,1,0,0,0,0.43443816,0
63,50,0.63,30.16,10,0,1,0,0,0,1,0,0,0,0.501538627,0
62.1,48.9,0.62,30.14,10,1,0,0,0,0,1,0,0,0,0.604629623,0
61,51.1,0.7,30.15,10,0,1,0,0,0,1,0,0,0,0.747345945,0
59,51.1,0.75,30.16,10,0,1,0,0,0,1,0,0,0,0.653136576,0
57.9,50,0.75,30.16,10,1,0,0,0,0,1,0,0,0,0.668452779,0
57,48.9,0.74,30.15,10,1,0,0,0,0,0,0,1,0,0.883622598,0
57,50,0.77,30.15,10,1,0,0,0,0,0,0,1,0,0.856992822,0
57,50,0.77,30.14,10,0,1,0,0,0,0,0,1,0,0.574107974,0
50,46,0.86,30.16,10,0,1,0,0,0,0,0,0,0,0.614129232,0
50,45,0.83,30.15,10,1,0,0,0,0,0,0,0,0,0.753280073,0
50,46,0.86,30.16,10,1,0,0,0,0,0,0,0,0,0.963616679,1
48.9,46,0.9,30.16,10,0,1,0,0,0,0,0,0,0,0.987624766,1
50,45,0.83,30.16,10,0,1,0,0,0,0,0,0,0,0.710980971,0
50,45,0.83,30.16,10,0,1,0,0,0,0,0,0,0,0.780744691,0
50,46,0.86,30.16,10,0,1,0,0,0,1,0,0,0,0.586176274,0
48,44.1,0.86,30.15,10,0,1,0,0,0,0,0,1,0,0.895119865,0
48.9,46,0.9,30.17,10,0,1,0,0,0,0,0,0,0,0.799428125,0
48.9,46,0.9,30.17,10,0,1,0,0,0,0,0,0,0,0.780268707,0
48,46,0.93,30.18,5,1,0,0,0,0,0,0,0,0,0.699639365,0
48,46,0.93,30.19,5,1,0,0,0,0,1,0,0,0,0.745705955,0
46.9,46,0.97,30.2,3,1,0,0,0,0,0,0,1,0,0.534869936,0
50,48,0.93,30.22,3,1,0,0,0,0,0,0,1,0,0.812306305,0
52,48,0.86,30.24,6,0,1,0,0,0,0,0,1,0,0.711103698,0
55,46.9,0.74,30.23,8,0,1,0,0,0,1,0,0,0,0.763090144,0
54,46.9,0.77,30.2,10,1,0,0,0,0,1,0,0,0,0.796277782,0
55.9,46,0.69,30.18,10,1,0,0,0,0,1,0,0,0,0.079251464,0
55.9,46,0.69,30.17,10,0,1,0,0,0,1,0,0,0,0.371882326,0
55.9,46,0.69,30.18,10,0,1,0,0,0,1,0,0,0,0.360125192,0
55,46,0.72,30.19,10,1,0,0,0,0,1,0,0,0,0.122148635,0
54,46.9,0.77,30.2,10,1,0,0,0,0,1,0,0,0,0.067341045,0
54,46.9,0.77,30.2,10,0,1,0,0,0,0,0,0,0,0.067237108,0
53.1,48,0.83,30.21,10,0,1,0,0,0,0,0,0,0,0.192046382,0
53.1,48,0.83,30.19,10,1,0,0,0,0,0,0,0,0,0.180101169,0
53.1,48,0.83,30.19,10,1,0,0,0,0,1,0,0,0,0.490643789,0
53.1,48,0.83,30.25,10,0,1,0,0,0,1,0,0,0,0.394750853,0
52,48,0.86,30.25,10,1,0,0,0,0,0,0,0,0,0.277956563,0
51.1,46.9,0.86,30.25,10,0,1,0,0,0,0,0,0,0,0.277655253,0
55,48.9,0.8,29.65,7,0,0,0,1,1,0,0,0,0,0.256802217,0
54,50,0.86,29.64,7,0,0,0,1,0,0,0,0,0,0.234923763,0
54,48.9,0.83,29.63,10,0,0,0,1,1,0,0,0,0,0.410275871,0
53.1,50,0.89,29.62,7,0,0,1,0,1,0,0,0,0,0.467516364,0
53.1,50,0.89,29.63,2.5,0,0,1,0,0,0,1,0,0,0.315867614,0
53.1,48.9,0.86,29.64,4,0,0,1,0,0,0,1,0,0,0.389322813,0
52,48.9,0.89,29.62,3,0,1,0,0,0,0,0,0,0,0.043591213,0
52,48.9,0.89,29.64,6,0,1,0,0,1,0,0,0,0,0.223363309,0
52,50,0.93,29.63,8,0,1,0,0,1,0,0,0,0,0.477986177,0
51.1,48.9,0.92,29.65,10,1,0,0,0,0,0,0,0,0,0.209271913,0
52,50,0.93,29.66,7,0,1,0,0,1,0,0,0,0,0.165539338,0
53.1,50,0.89,29.68,6,1,0,0,0,1,0,0,0,0,0.3079582,0
55,51.1,0.86,29.69,9,0,1,0,0,0,0,0,0,0,0.27831151,0
54,50,0.86,29.7,3,0,0,1,0,0,0,0,0,0,0.212940072,0
53.1,50,0.89,29.72,8,0,1,0,0,0,0,0,0,0,0.259838982,0
53.1,46.9,0.8,29.74,10,0,0,1,0,0,1,0,0,0,0.015061069,0
54,46.9,0.77,29.75,10,1,0,0,0,0,0,0,0,0,0.07688723,0
54,48,0.8,29.76,10,1,0,0,0,0,1,0,0,0,0.038983266,0
54,48,0.8,29.77,10,1,0,0,0,0,1,0,0,0,0.326493738,0
52,48,0.86,29.8,10,0,1,0,0,0,0,0,1,0,0.43443816,0
50,46.9,0.89,29.81,10,0,1,0,0,0,0,0,0,0,0.335222223,0
48.9,46,0.9,29.81,10,0,1,0,0,0,0,0,1,0,0.178085352,0
50,46,0.86,29.84,10,0,0,1,0,0,1,0,0,0,0.365886214,0
50,46.9,0.89,29.86,10,0,1,0,0,0,1,0,0,0,0.344391483,0
48.9,45,0.86,29.85,10,0,1,0,0,0,0,0,1,0,0.262645985,0
50,46,0.93,29.83,10,0,0,1,0,0,1,0,0,0,0.099139417,0
37.9,35.5,0.93,29.7,3,0,1,0,0,0,0,0,1,0,0.59166207,0
37.9,34.5,0.93,29.85,10,0,1,0,0,0,0,0,1,0,0.315428464,0
37,34.5,0.9,29.72,6,0,1,0,0,0,0,0,1,0,0.136098432,0
37,34.5,0.88,29.85,10,0,1,0,0,0,0,0,1,0,0.145518926,0
37,34.5,0.93,29.74,8,0,1,0,0,0,0,0,1,0,0.119209559,0
34,29.8,0.93,29.75,10,0,1,0,0,0,0,0,1,0,0.29392016,0
36,33.3,0.9,29.76,7,0,1,0,0,0,0,0,1,0,0.227829983,0
36,33.3,0.9,29.77,6,0,1,0,0,0,0,0,1,0,0.538003242,0
39.9,37.8,0.93,29.8,9,0,1,0,0,0,0,0,1,0,0.088275083,0
46,43.1,0.9,29.81,3,0,1,0,0,0,0,0,1,0,0.456051649,0
48.9,34.5,0.9,29.72,10,0,1,0,0,0,0,0,1,0,0.448933791,0
51.1,29.8,0.93,29.74,10,0,1,0,0,0,0,0,1,0,0.274050652,0
52,33.3,0.93,29.75,10,0,1,0,0,0,0,0,1,0,0.537303437,0
52,33.3,0.9,29.76,10,0,1,0,0,0,0,0,1,0,0.408680628,0
52,37.8,0.93,29.77,10,0,1,0,0,0,0,0,1,0,0.074315535,0
51.1,34.5,0.93,29.72,10,0,1,0,0,0,0,0,1,0,0.408680628,0
48,29.8,0.87,29.74,10,0,1,0,0,0,0,0,1,0,0.074315535,0
48.9,33.3,0.87,29.75,10,0,1,0,0,0,0,0,1,0,0.173626092,0
44.1,33.3,0.86,29.76,8,0,1,0,0,0,0,0,1,0,0.21101837,0
43,37.8,0.83,29.77,10,0,1,0,0,0,0,0,1,0,0.462820542,0
43,39.5,0.8,29.86,10,0,1,0,0,0,0,0,1,0,0.362260826,0
42.1,38.4,0.75,29.85,10,0,1,0,0,0,0,0,1,0,0.152663122,0
43,37.7,0.78,29.83,10,0,1,0,0,0,0,0,1,0,0.099951527,0
43,39.5,0.75,29.7,10,0,1,0,0,0,0,0,1,0,0.160111788,0
46.4,45.2,0.78,29.72,10,0,1,0,0,0,0,0,0,0,0.208439,0
46,41,0.93,29.74,10,0,1,0,0,0,0,0,0,0,0.425534266,0
44.6,40.7,0.93,29.75,10,0,1,0,0,0,0,0,0,0,0.11241935,0
45,41.8,0.93,29.76,10,0,1,0,0,0,0,0,1,0,0.290020645,0
45,41.8,0.9,29.77,10,0,0,0,0,0,0,0,0,0,0.314256271,0
44.6,33.3,0.88,93,10,0,1,0,0,0,0,0,0,0,0.125146349,0
44.6,37.8,0.93,29.8,10,0,1,0,0,0,0,0,0,0,0.361464259,0
44.1,39.5,0.93,93,10,0,1,0,0,0,0,0,1,0,0.31689424,0
43,38.4,0.9,97,10,0,1,0,0,0,0,0,1,0,0.297256599,0
43,37.7,0.9,93,10,0,1,0,0,0,0,0,1,0,0.211783627,0
41,39.5,0.93,10,10,0,1,0,0,0,0,0,1,0,0.037528801,0
42.1,45.2,0.9,92,10,0,1,0,0,0,0,0,1,0,0.367370413,0
44.6,41,0.9,93,10,0,1,0,0,0,0,0,1,0,0.354800944,0
44.6,40.7,0.93,93,10,0,1,0,0,0,0,0,1,0,0.06838313,0
45,41.8,0.93,93,10,0,1,0,0,0,0,0,1,0,0.312631436,0
46.4,41.8,0.9,29.81,10,0,1,0,0,0,0,0,1,0,0.300056026,0
48,33.3,0.93,83,10,0,1,0,0,0,0,0,1,0,0.445174658,0
48.2,37.8,0.93,82,10,0,1,0,0,0,0,0,1,0,0.181387668,0
48.9,39.5,0.87,77,10,0,1,0,0,0,0,0,1,0,0.416332159,0
52,38.4,0.87,63,10,0,1,0,0,0,0,0,1,0,0.153766116,0
53.6,37.7,0.86,54,10,0,1,0,0,0,0,0,1,0,0.105885063,0
52,39.5,0.83,54,10,0,1,0,0,0,0,0,1,0,0.196247009,0
53.1,45.2,0.8,55,10,0,1,0,0,0,0,0,1,0,0.153766116,0
53.1,41,0.75,41,10,0,1,0,0,0,0,0,1,0,0.105885063,0
52,40.7,0.78,53,10,0,1,0,0,0,0,0,1,0,0.196247009,0
50,41.8,0.75,61,10,0,1,0,0,0,0,0,1,0,0.43052554,0
48.9,41.8,0.78,61,10,0,1,0,0,0,0,0,1,0,0.01771485,0
48,33.3,0.93,66,10,0,1,0,0,0,0,0,1,0,0.123429203,0
46,37.8,0.93,68,10,0,1,0,0,0,0,0,1,0,0.497685254,0
44.1,39.5,0.93,29.81,10,0,1,0,0,0,0,0,1,0,0.277238668,0
43,38.4,0.9,76,10,0,1,0,0,0,0,0,1,0,0.41202856,0
42.1,37.7,0.88,79,10,0,1,0,0,0,0,0,1,0,0.190326204,0
41,39.5,0.93,82,10,0,1,0,0,0,0,0,1,0,0.031735814,0
60.1,45.2,0.93,29.84,10,0,1,0,0,0,0,0,0,1,0.349759722,0
59,41,0.9,29.86,10,1,0,0,0,0,0,0,0,1,0.054311244,0
59,40.7,0.9,29.85,10,0,1,0,0,0,0,0,0,1,0.326425777,0
57.9,41.8,0.93,29.83,10,0,1,0,0,0,0,0,0,1,0.306444009,0
59,41.8,0.9,29.98,10,1,0,0,0,0,0,0,0,1,0.062959004,0
57.9,55,0.9,29.98,10,1,0,0,0,0,1,0,0,0,0.306666783,0
57.9,54,0.93,29.98,10,0,1,0,0,0,1,0,0,0,0.242413697,0
59,55,0.93,29.98,10,1,0,0,0,0,1,0,0,0,0.178222576,0
60.1,55,0.9,30.01,10,0,1,0,0,0,1,0,0,0,0.279328023,0
60.1,55,0.93,30.03,10,0,1,0,0,0,1,0,0,0,0.006626713,0
63,55.9,0.93,30.03,10,0,1,0,0,0,1,0,0,0,0.024036935,0
66.9,54,0.87,30.02,10,1,0,0,0,0,0,0,0,0,0.498049089,0
70,55,0.87,30,10,0,1,0,0,0,0,0,0,0,0.44016489,0
73,55.9,0.86,29.98,10,0,0,1,0,0,0,0,0,0,0.223448411,0
73,57.9,0.83,29.97,10,0,0,1,0,0,0,0,0,0,0.275223894,0
73,57.9,0.8,29.96,10,0,0,1,0,0,0,0,0,0,0.108418068,0
70,60.1,0.75,29.96,10,0,0,1,0,0,0,0,1,0,0.371397764,0
66.9,53.1,0.78,29.95,10,0,1,0,0,0,0,0,0,0,0.297734225,0
64.9,55,0.75,29.96,10,0,1,0,0,0,0,0,0,0,0.261716033,0
64,54,0.78,29.97,10,0,1,0,0,0,0,0,0,0,0.326565213,0
63,57,0.81,29.99,10,0,1,0,0,0,0,0,0,0,0.392583264,0
63,57.9,0.84,30,10,1,0,0,0,0,0,0,0,1,0.437333912,0
62.1,57.9,0.86,30.01,10,0,1,0,0,0,0,0,0,0,0.087095561,0
60.1,57,0.9,30.01,10,1,0,0,0,0,1,0,0,0,0.171297125,0
66,55,0.68,29.88,10,0,1,0,0,0,0,0,0,1,0.324358747,0
66,54,0.65,29.89,10,1,0,0,0,0,0,0,0,1,0.062065117,0
63,57,0.81,29.88,10,0,1,0,0,0,0,0,0,1,0.243444914,0
63,57,0.81,29.87,10,0,1,0,0,0,0,0,0,1,0.267879231,0
63,55.9,0.78,29.88,10,0,1,0,0,0,0,0,0,1,0.303796933,0
62.6,53.6,0.72,29.88,10,0,1,0,0,0,0,0,1,0,0.300262486,0
61,53.1,0.75,29.88,10,0,1,0,0,0,0,0,1,0,0.487812111,0
61,54,0.78,29.9,10,1,0,0,0,0,1,0,0,0,0.048464692,0
62.6,53.6,0.72,29.9,10,0,1,0,0,0,0,0,1,0,0.390808863,0
66,57.9,0.75,29.92,10,0,1,0,0,0,0,0,1,0,0.36917134,0
69.1,59,0.7,29.94,10,0,1,0,0,0,0,0,1,0,0.443665467,0
73.9,57,0.55,29.94,10,0,1,0,0,0,0,0,1,0,0.013429465,0
79,46.9,0.32,29.92,10,0,1,0,0,0,0,0,1,0,0.339882549,0
82.9,46.9,0.28,29.92,10,0,0,1,0,0,0,0,1,0,0.415094327,0
86,44.1,0.23,29.9,10,0,0,1,0,0,0,0,1,0,0.453848782,0
81,53.1,0.38,29.89,10,0,0,1,0,0,1,0,0,0,0.071025482,0
79,46,0.31,29.89,10,0,0,0,1,0,1,0,0,0,0.364892502,0
75.9,48,0.37,29.89,10,0,0,0,1,0,0,0,1,0,0.420756344,0
75,48.9,0.4,29.9,10,0,0,1,0,0,1,0,0,0,0.271137195,0
70,50,0.49,29.91,10,0,0,1,0,0,0,0,1,0,0.13399328,0
68,50,0.52,29.92,10,0,1,0,0,0,0,0,1,0,0.283529085,0
66.9,52,0.59,29.93,10,1,0,0,0,0,0,0,1,0,0.23088361,0
66.9,51.1,0.57,29.94,10,1,0,0,0,0,0,0,1,0,0.248934589,0
66,52,0.6,29.94,10,1,0,0,0,0,0,0,0,0,0.389475288,0
64.9,53.1,0.65,29.94,10,1,0,0,0,0,0,0,0,0,0.087855626,0
62.1,59,0.9,29.99,10,0,1,0,0,0,0,0,0,1,0.013811965,0
62.1,57.9,0.86,29.99,10,1,0,0,0,0,0,0,0,1,0.499250968,0
60.1,57,0.9,29.99,10,1,0,0,0,0,0,0,0,1,0.200054861,0
61,57.9,0.9,29.99,8,1,0,0,0,0,1,0,0,0,0.368286097,0
62.1,57.9,0.86,29.99,9,0,1,0,0,0,0,0,0,0,0.418679338,0
62.6,57.2,0.82,29.99,10,1,0,0,0,0,0,0,0,0,0.285831093,0
62.1,57,0.84,29.99,10,1,0,0,0,0,0,0,0,0,0.151197493,0
62.1,57.9,0.86,30,6,0,1,0,0,0,0,0,0,0,0.279452415,0
62.1,57,0.84,30.01,6,0,1,0,0,0,0,0,0,0,0.358224214,0
62.6,57.2,0.82,30.01,7,1,0,0,0,0,0,0,1,0,0.257923274,0
63,57,0.81,30.01,7,0,1,0,0,0,0,0,1,0,0.39450186,0
66,57,0.73,30.01,7,0,1,0,0,0,0,0,1,0,0.379581206,0
69.1,57.9,0.68,30.01,7,0,1,0,0,0,0,0,0,0,0.178987606,0
71.1,57.9,0.63,29.99,7,0,1,0,0,0,0,0,0,0,0.010020307,0
73.9,57.9,0.57,29.98,10,0,1,0,0,0,0,0,0,0,0.331925936,0
75.9,57,0.52,29.96,10,0,1,0,0,0,0,0,0,0,0.408755008,0
79,59,0.5,29.95,10,0,0,1,0,0,0,0,1,0,0.062976574,0
79,59,0.5,29.94,10,0,0,1,0,0,0,0,1,0,0.183475375,0
75.9,59,0.56,29.94,10,0,0,1,0,0,1,0,0,0,0.369047971,0
73.9,57.9,0.57,29.94,10,0,0,1,0,0,1,0,0,0,0.048000696,0
72,57.9,0.61,29.93,10,0,1,0,0,0,1,0,0,0,0.456269204,0
68,59,0.73,29.94,10,0,1,0,0,0,0,0,1,0,0.109297364,0
66,60.1,0.81,29.96,10,0,0,1,0,0,0,0,1,0,0.287653023,0
64,59,0.84,29.98,10,0,1,0,0,0,0,0,1,0,0.085031257,0
63,57.9,0.84,29.99,10,0,1,0,0,0,0,0,1,0,0.115894839,0
62.1,57.9,0.86,29.99,10,0,1,0,0,0,0,0,1,0,0.322267239,0
62.1,54,0.75,30.1,10,0,1,0,0,0,0,0,0,1,0.407954091,0
60.1,53.1,0.78,30.09,10,1,0,0,0,0,0,0,0,1,0.220559025,0
59,54,0.83,30.08,10,1,0,0,0,0,0,0,0,1,0.170213164,0
60.1,55,0.83,30.08,10,1,0,0,0,0,0,0,0,1,0.443574446,0
57.9,54,0.87,30.07,10,0,1,0,0,0,0,0,0,1,0.353947398,0
57.9,54,0.87,30.08,10,1,0,0,0,0,0,0,0,0,0.039652299,0
60.1,55,0.83,30.09,10,1,0,0,0,0,0,0,0,0,0.154823853,0
62.1,55,0.78,30.1,10,1,0,0,0,0,0,0,0,0,0.307233952,0
64,55,0.73,30.1,10,1,0,0,0,0,0,0,0,0,0.219855124,0
66.9,55.9,0.68,30.1,10,0,1,0,0,0,0,0,0,0,0.446706339,0
69.1,55,0.61,30.1,10,0,1,0,0,0,0,0,0,0,0.060551342,0
71.1,55.9,0.59,30.09,10,0,1,0,0,0,0,0,0,0,0.067732231,0
73.9,57,0.55,30.08,10,0,1,0,0,0,0,0,0,0,0.427438074,0
73.9,57.9,0.57,30.06,10,0,0,1,0,0,0,0,0,0,0.39176104,0
73.9,57.9,0.57,30.05,10,0,0,1,0,0,0,0,0,0,0.095976384,0
73.9,57,0.55,30.03,10,0,0,1,0,0,0,0,0,0,0.035718781,0
72,57,0.59,30.01,10,0,0,0,1,0,0,0,0,0,0.218561306,0
70,57,0.63,30.01,10,0,0,1,0,0,0,0,0,0,0.21224518,0
66.9,57,0.7,30,10,0,0,1,0,0,0,0,0,0,0.272747388,0
64,57,0.78,30.01,10,0,0,1,0,0,0,0,0,0,0.366019447,0
62.6,55.4,0.77,30.01,10,0,0,1,0,0,0,0,1,0,0.290942965,0
62.6,55.4,0.77,30.01,10,0,0,1,0,0,1,0,0,0,0.110728021,0
62.1,55.9,0.8,30.01,10,0,0,1,0,0,1,0,0,0,0.334203543,0
62.1,55.9,0.8,30.02,10,0,1,0,0,0,1,0,0,0,0.476805783,0
62.1,55.9,0.8,30.01,10,1,0,0,0,0,1,0,0,0,0.158915954,0
61,55.9,0.83,30,10,1,0,0,0,0,1,0,0,0,0.29389419,0
62.1,54,0.75,29.89,10,1,0,0,0,0,0,0,0,1,0.345099235,0
61,54,0.78,29.88,10,1,0,0,0,0,0,0,0,1,0.276889416,0
60.1,54,0.8,29.88,10,1,0,0,0,0,0,0,0,1,0.489105943,0
60.1,53.1,0.78,29.87,10,0,1,0,0,0,0,0,0,1,0.499613407,0
60.1,51.1,0.72,29.87,10,0,1,0,0,0,0,0,0,1,0.420819204,0
60.1,51.1,0.72,29.88,10,0,1,0,0,0,0,0,0,1,0.239194966,0
61,51.1,0.7,29.89,10,1,0,0,0,0,0,0,0,1,0.346831038,0
64,51.1,0.63,29.9,10,0,1,0,0,0,0,0,0,0,0.116868892,0
68,51.1,0.55,29.91,10,0,1,0,0,0,0,0,0,0,0.255963518,0
73,51.1,0.46,29.91,10,0,1,0,0,0,0,0,0,0,0.245937686,0
78.1,53.1,0.42,29.91,10,0,1,0,0,0,0,0,0,0,0.184134372,0
81,55.9,0.42,29.9,10,0,1,0,0,0,0,0,0,1,0.013777416,0
84,54,0.35,29.89,10,0,1,0,0,0,0,0,0,1,0.285413552,0
84.9,55.9,0.37,29.87,10,0,1,0,0,0,0,0,0,1,0.255907136,0
89.1,54,0.3,29.86,10,0,0,1,0,0,0,0,0,1,0.023266528,0
87.1,57.9,0.37,29.85,10,0,0,1,0,0,0,0,0,1,0.004146346,0
86,55,0.35,29.84,10,0,0,1,0,0,0,0,0,1,0.165996835,0
84.9,54,0.34,29.83,10,0,0,1,0,0,0,0,0,1,0.151957314,0
82,52,0.35,29.84,10,0,0,1,0,0,0,0,0,1,0.231543134,0
78.1,52,0.4,29.85,10,0,1,0,0,0,0,0,0,1,0.257426892,0
73.9,53.1,0.48,29.87,10,0,1,0,0,0,0,0,0,0,5.65E-04,0
71.1,54,0.55,29.89,10,0,1,0,0,0,0,0,0,1,0.034187113,0
69.1,54,0.58,29.89,10,1,0,0,0,0,0,0,0,1,0.31921402,0
68,57,0.68,29.89,10,1,0,0,0,0,0,0,0,1,0.109544887,0
57,48.9,0.74,29.98,10,0,1,0,0,0,0,0,0,0,0.448223085,0
57,48.9,0.74,29.96,10,1,0,0,0,0,0,0,0,0,0.293830015,0
57,48.9,0.74,29.96,10,1,0,0,0,0,0,0,0,0,0.24414275,0
57,48.9,0.74,29.95,10,1,0,0,0,0,0,0,0,0,0.185273324,0
57,48.9,0.74,29.95,10,1,0,0,0,0,0,0,0,0,0.120988746,0
55.9,48.9,0.77,29.96,10,1,0,0,0,0,0,0,0,0,0.427603977,0
57,48,0.72,29.96,10,1,0,0,0,0,0,0,0,0,0.150508858,0
57,48.9,0.74,29.97,10,1,0,0,0,0,0,0,0,0,0.387025878,0
57.9,48.9,0.72,29.98,10,0,1,0,0,0,0,0,0,0,0.009926376,0
60.1,50,0.69,29.98,10,0,1,0,0,0,0,0,0,0,0.023962283,0
61,50,0.67,29.98,10,0,1,0,0,0,1,0,0,0,0.383767029,0
64.9,51.1,0.61,29.98,10,1,0,0,0,0,0,0,1,0,0.327358545,0
68,52,0.56,29.97,10,0,0,1,0,0,0,0,0,0,0.203359961,0
66.9,52,0.59,29.96,10,0,0,1,0,0,0,0,0,0,0.39984359,0
66,52,0.6,29.96,10,0,0,1,0,0,0,0,0,0,0.284416982,0
66,51.1,0.59,29.95,10,0,0,0,1,0,0,0,0,0,0.146997248,0
64.9,51.1,0.61,29.94,10,0,0,1,0,0,0,0,0,0,0.295331057,0
64.4,51.8,0.64,29.94,10,0,0,1,0,0,0,0,0,0,0.068200704,0
62.1,51.1,0.67,29.94,10,0,0,1,0,0,0,0,0,0,0.427438074,0
60.8,51.8,0.72,29.95,10,0,0,1,0,0,0,0,0,0,0.39176104,0
60.1,51.1,0.72,29.95,10,0,0,1,0,0,0,0,0,0,0.095976384,0
57.9,51.1,0.78,29.97,10,0,0,1,0,0,0,0,1,0,0.035718781,0
57.2,51.8,0.82,29.98,10,0,0,1,0,0,1,0,0,0,0.218561306,0
57,51.1,0.81,29.99,10,0,1,0,0,0,1,0,0,0,0.21224518,0
57,50,0.77,29.99,10,0,1,0,0,0,1,0,0,0,0.272747388,0
57.9,51.1,0.78,30,10,0,1,0,0,0,1,0,0,0,0.366019447,0
57.2,48.2,0.72,29.98,10,0,0,1,0,0,0,0,0,0,0.290942965,0
55.9,48.9,0.77,29.97,10,0,0,1,0,1,0,0,0,0,0.110728021,0
55.9,50,0.8,29.95,10,0,1,0,0,1,0,0,0,0,0.334203543,0
55,51.1,0.86,29.92,7,0,1,0,0,0,0,0,0,0,0.476805783,0
55.4,51.8,0.88,29.92,3,0,1,0,0,0,0,0,0,0,0.158915954,0
55,54,0.96,29.91,5,0,1,0,0,1,0,0,0,0,0.29389419,0
55.4,53.6,0.94,29.9,6,1,0,0,0,1,0,0,0,0,0.345099235,0
55,55,1,29.91,6,1,0,0,0,1,0,0,0,0,0.276889416,0
55.4,55.4,1,29.91,3,0,1,0,0,0,0,0,0,0,0.489105943,0
55.4,55.4,1,29.91,10,1,0,0,0,0,0,0,0,0,0.499613407,0
55.9,55,0.97,29.92,10,0,1,0,0,0,0,0,0,0,0.420819204,0
55,52,0.89,29.94,10,0,0,1,0,0,0,0,0,0,0.239194966,0
55.9,51.1,0.84,29.94,10,0,0,1,0,0,0,0,0,0,0.346831038,0
57,48.9,0.74,29.95,10,0,0,1,0,0,1,0,0,0,0.116868892,0
57.9,48.9,0.72,29.96,10,0,1,0,0,0,1,0,0,0,0.255963518,0
57,48,0.72,29.99,10,0,0,1,0,0,1,0,0,0,0.245937686,0
59,48.2,0.67,29.99,10,0,0,1,0,0,1,0,0,0,0.184134372,0
60.1,48.9,0.67,29.99,10,0,0,1,0,0,1,0,0,0,0.013777416,0
60.1,48,0.64,29.98,10,0,0,1,0,0,0,0,0,0,0.285413552,0
62.1,46.9,0.58,29.98,10,0,0,1,0,0,1,0,0,0,0.255907136,0
63,46,0.54,29.99,10,0,0,1,0,0,1,0,0,0,0.023266528,0
63,46.9,0.56,29.98,10,0,0,1,0,0,1,0,0,0,0.004146346,0
63,46.9,0.56,29.99,10,0,0,0,1,0,0,0,1,0,0.165996835,0
62.1,43,0.5,30,10,0,0,1,0,0,0,0,1,0,0.151957314,0
59,42.1,0.53,30.02,10,0,0,1,0,0,0,0,1,0,0.231543134,0
57,41,0.55,30.04,10,0,1,0,0,0,0,0,1,0,0.257426892,0
55,39,0.55,30.06,10,0,1,0,0,0,0,0,0,0,5.65E-04,0
54,39,0.57,30.07,10,0,1,0,0,0,0,0,0,0,0.034187113,0
53.1,39.9,0.61,30.09,10,0,1,0,0,0,0,0,0,0,0.31921402,0
53.1,39.9,0.61,30.09,10,0,1,0,0,0,0,0,0,1,0.109544887,0
55.4,50,0.82,30.25,10,0,1,0,0,0,1,0,0,0,0.448223085,0
57,50,0.77,30.25,10,0,1,0,0,0,0,0,0,0,0.293830015,0
55.4,50,0.82,30.23,10,1,0,0,0,0,0,0,1,0,0.24414275,0
55,48.9,0.8,30.23,10,0,1,0,0,0,0,0,0,0,0.185273324,0
55.4,48.2,0.77,30.22,10,1,0,0,0,0,1,0,0,0,0.120988746,0
54,48,0.8,30.22,10,1,0,0,0,0,0,0,1,0,0.427603977,0
55.4,48.2,0.77,30.22,10,1,0,0,0,0,1,0,0,0,0.150508858,0
55.4,48.2,0.77,30.21,10,0,1,0,0,0,0,0,1,0,0.387025878,0
55,48.9,0.8,30.21,10,1,0,0,0,0,0,0,0,1,0.009926376,0
54,48.9,0.83,30.2,10,0,1,0,0,0,0,0,0,0,0.023962283,0
52,48,0.86,30.2,10,1,0,0,0,0,0,0,0,0,0.383767029,0
52,46.9,0.83,30.21,10,0,1,0,0,0,0,0,1,0,0.327358545,0
53.1,48,0.83,30.22,10,0,1,0,0,0,0,0,0,0,0.203359961,0
57,50,0.77,30.23,10,0,1,0,0,0,0,0,0,0,0.39984359,0
60.8,51.8,0.72,30.24,10,1,0,0,0,0,0,0,0,0,0.284416982,0
64.4,50,0.59,30.25,10,1,0,0,0,0,0,0,0,0,0.146997248,0
68,48,0.49,30.23,10,0,1,0,0,0,0,0,0,0,0.295331057,0
70,46.9,0.44,30.22,10,0,1,0,0,0,0,0,0,0,0.068200704,0
71.1,46.9,0.42,30.19,10,0,1,0,0,0,0,0,0,0,0.427438074,0
73,48,0.41,30.17,10,0,0,1,0,0,0,0,0,0,0.39176104,0
73.9,48,0.4,30.14,10,0,0,1,0,0,0,0,0,0,0.095976384,0
73.9,46.9,0.38,30.13,10,0,0,0,1,0,0,0,0,0,0.035718781,0
72,46.9,0.41,30.13,10,0,0,1,0,0,0,0,0,0,0.218561306,0
68,50,0.52,30.14,10,0,0,1,0,0,0,0,0,0,0.21224518,0
63,48.9,0.6,30.15,10,0,0,1,0,0,0,0,0,0,0.272747388,0
60.1,53.1,0.78,30.17,10,0,1,0,0,0,0,0,0,1,0.366019447,0
57.9,53.1,0.84,30.18,10,0,1,0,0,0,0,0,0,1,0.290942965,0
59,53.1,0.81,30.18,10,0,1,0,0,0,0,0,0,1,0.110728021,0
59,53.1,0.81,30.17,10,0,1,0,0,0,0,0,0,1,0.334203543,0
44.6,30.2,0.57,30.29,10,0,1,0,0,0,0,0,0,1,0.476805783,0
46,30,0.54,30.3,10,0,1,0,0,0,0,0,0,1,0.158915954,0
43,30.9,0.62,30.27,10,0,1,0,0,0,0,0,0,1,0.29389419,0
45,30.9,0.58,30.31,10,1,0,0,0,0,0,0,0,1,0.345099235,0
42.1,32,0.67,30.3,10,1,0,0,0,0,0,0,0,1,0.276889416,0
41,32,0.7,30.28,10,1,0,0,0,0,0,0,0,1,0.489105943,0
41,32,0.7,30.28,10,0,1,0,0,0,0,0,1,0,0.499613407,0
45,34,0.65,30.29,10,0,1,0,0,0,0,0,0,0,0.420819204,0
50,37.4,0.62,30.28,10,1,0,0,0,0,0,0,0,0,0.239194966,0
55,41,0.59,30.27,10,0,1,0,0,0,0,0,0,0,0.346831038,0
59,44.1,0.58,30.27,10,1,0,0,0,0,0,0,0,0,0.116868892,0
61,41,0.48,30.25,10,0,1,0,0,0,0,0,0,0,0.255963518,0
64,41,0.43,30.21,10,1,0,0,0,0,0,0,0,0,0.245937686,0
66.9,39.9,0.37,30.16,10,0,1,0,0,0,1,0,0,0,0.184134372,0
66,39,0.37,30.13,10,0,1,0,0,0,1,0,0,0,0.013777416,0
66,39.9,0.38,30.12,10,0,0,1,0,0,1,0,0,0,0.285413552,0
62.1,48,0.6,30.13,10,0,0,1,0,0,1,0,0,0,0.255907136,0
59,46,0.62,30.12,10,0,1,0,0,0,1,0,0,0,0.023266528,0
57.9,46,0.65,30.11,10,0,1,0,0,0,0,0,1,0,0.004146346,0
57,48.9,0.74,30.13,10,0,0,1,0,0,0,0,0,0,0.165996835,0
55,48.9,0.8,30.13,10,0,1,0,0,0,0,0,0,1,0.151957314,0
54,48.9,0.83,30.12,10,0,1,0,0,0,0,0,0,1,0.231543134,0
54,48.9,0.83,30.09,10,0,1,0,0,0,0,0,0,1,0.257426892,0
52,46.9,0.83,30.11,10,1,0,0,0,0,0,0,0,1,5.65E-04,0
45,36,0.71,30.14,10,1,0,0,0,0,0,0,0,1,0.034187113,0
46.9,36,0.66,30.13,10,0,1,0,0,0,0,0,0,1,0.31921402,0
45,36,0.71,30.12,10,0,1,0,0,0,0,0,0,1,0.109544887,0
43,36,0.76,30.12,10,0,1,0,0,0,0,0,0,1,0.448223085,0
39,35.1,0.86,30.13,10,1,0,0,0,0,0,0,0,1,0.293830015,0
41,37.4,0.87,30.13,10,0,1,0,0,0,0,0,0,1,0.24414275,0
42.1,39,0.89,30.14,10,0,1,0,0,0,0,0,0,1,0.185273324,0
42.1,39,0.89,30.14,10,1,0,0,0,0,0,0,0,0,0.120988746,0
46,41,0.83,30.14,10,0,1,0,0,0,0,0,0,0,0.427603977,0
50,42.1,0.74,30.14,10,0,1,0,0,0,0,0,0,0,0.150508858,0
55,44.1,0.67,30.13,10,0,1,0,0,0,0,0,0,1,0.387025878,0
55.9,44.1,0.64,30.11,10,0,1,0,0,0,0,0,0,1,0.009926376,0
59,43,0.55,30.06,10,1,0,0,0,0,0,0,0,1,0.023962283,0
61,42.1,0.5,30.04,10,0,1,0,0,0,0,0,0,1,0.383767029,0
63,42.1,0.46,30.04,10,0,1,0,0,0,0,0,0,1,0.327358545,0
63,43,0.48,30.02,10,1,0,0,0,0,0,0,0,1,0.203359961,0
62.1,42.1,0.48,30.01,10,0,1,0,0,0,0,0,0,1,0.39984359,0
59,41,0.51,30.01,10,0,1,0,0,0,0,0,0,0,0.284416982,0
57,41,0.55,30.03,10,0,1,0,0,0,0,0,0,1,0.146997248,0
54,41,0.62,30.04,10,0,1,0,0,0,0,0,0,1,0.295331057,0
52,44.1,0.74,30.05,10,1,0,0,0,0,0,0,0,1,0.068200704,0
51.1,43,0.74,30.04,10,0,1,0,0,0,0,0,1,0,0.217476578,0
48.9,42.1,0.77,30.06,10,0,1,0,0,0,1,0,0,0,0.31550239,0
48.9,42.1,0.77,30.05,10,0,1,0,0,0,0,0,1,0,0.342986759,0
45,39,0.8,30.01,8,0,1,0,0,1,0,0,0,0,0.135306983,0
46.4,39.2,0.76,30.01,10,0,1,0,0,0,1,0,0,0,0.236548163,0
46,39.9,0.79,30.01,10,0,1,0,0,0,1,0,0,0,0.214219286,0
46,41,0.83,30,10,0,1,0,0,0,1,0,0,0,0.290971159,0
46,41,0.83,30,8,1,0,0,0,1,0,0,0,0,0.33426523,0
46,41,0.83,29.99,10,0,1,0,0,0,0,0,0,0,0.498996472,0
45,41,0.86,30,10,0,1,0,0,0,1,0,0,0,0.334005821,0
45,42.1,0.9,29.98,10,1,0,0,0,0,1,0,0,0,0.290980621,0
43,39.9,0.89,29.98,10,0,0,1,0,0,0,0,1,0,0.152064907,0
45,39.9,0.82,29.98,10,0,0,1,0,0,0,0,0,0,0.249839797,0
46,42.1,0.86,29.98,10,0,1,0,0,0,0,0,0,0,0.035073896,0
46.9,43,0.86,29.98,10,0,1,0,0,0,0,0,0,0,0.130318102,0
48,45,0.89,29.97,9,0,0,1,0,1,0,0,0,0,0.416009797,0
48.9,45,0.86,29.99,2,0,1,0,0,0,0,0,0,0,0.435636147,0
48.9,44.1,0.83,30,10,0,0,1,0,1,0,0,0,0,0.094397402,0
48.9,44.1,0.83,29.99,10,0,1,0,0,0,1,0,0,0,0.165980383,1
50,44.1,0.8,29.98,1,1,0,0,0,1,0,0,0,0,0.267469459,0
48,42.1,0.8,29.98,10,0,1,0,0,1,0,0,0,0,0.497969777,0
48.9,44.1,0.83,29.98,10,0,0,1,0,1,0,0,0,0,0.475469141,0
51.1,44.1,0.77,29.96,10,0,1,0,0,0,0,0,1,0,0.096136267,0
48.9,39.9,0.71,29.96,9,0,0,1,0,0,0,0,0,0,0.050378661,0
51.1,39,0.63,29.96,10,0,0,0,1,1,0,0,0,0,0.173733858,0
48.9,39,0.69,29.97,10,0,0,1,0,0,0,0,1,0,0.081252312,0
48,39,0.71,29.99,10,0,1,0,0,0,1,0,0,0,0.148342814,0
48,37,0.66,30,10,0,0,1,0,1,0,0,0,0,0.357310948,0
46,37.9,0.73,30.03,10,0,1,0,0,0,0,0,1,0,0.23664655,0
45,37.9,0.76,30.05,10,0,1,0,0,0,0,0,0,0,0.498173817,0
45,37.9,0.76,30.06,10,1,0,0,0,0,1,0,0,0,0.45750768,0
42.1,37,0.82,30.06,10,1,0,0,0,0,1,0,0,0,0.362977206,0
42.1,37,0.82,30.08,10,0,1,0,0,0,0,0,1,0,0.128859939,0
39.9,37,0.89,30.09,10,1,0,0,0,0,0,0,0,0,0.426170386,0
48.2,44.6,0.87,29.96,10,0,1,0,0,0,1,0,0,0,0.00603171,0
48,44.1,0.86,29.96,10,0,1,0,0,0,0,0,0,0,0.336731651,0
48.2,44.6,0.87,29.95,10,0,1,0,0,0,0,0,0,0,0.180987257,0
48.9,45,0.86,29.96,10,0,1,0,0,0,1,0,0,0,0.047241065,0
46.9,44.1,0.9,29.95,7,0,1,0,0,0,0,0,1,0,0.315516309,0
48.9,45,0.86,29.93,6,0,1,0,0,0,0,0,0,0,0.22325786,0
48.9,46,0.9,29.92,6,0,1,0,0,0,0,0,1,0,0.083483503,0
50,46,0.86,29.92,8,0,1,0,0,0,1,0,0,0,0.189222049,0
50,46,0.86,29.92,8,0,0,1,0,0,1,0,0,0,0.312789249,0
52,46.9,0.83,29.91,9,0,0,1,0,0,1,0,0,0,0.341461708,0
54,48,0.8,29.91,10,0,0,1,0,0,1,0,0,0,0.40227045,0
55.9,48.9,0.77,29.91,10,0,0,1,0,0,0,0,0,0,0.331160602,0
55,51.1,0.86,29.89,5,0,0,1,0,1,0,0,0,0,0.277452557,0
55.4,51.8,0.88,29.91,3,1,0,0,0,0,0,0,0,0,0.406182073,0
53.6,51.8,0.94,29.9,1.2,1,0,0,0,1,0,0,0,0,0.005938665,0
55.4,53.6,0.94,29.9,2.5,1,0,0,0,1,0,0,0,0,0.009775958,0
55.4,53.6,0.94,29.91,4,0,0,1,0,1,0,0,0,0,0.334071235,0
52,48,0.86,29.91,6,0,0,0,1,1,0,0,0,0,0.457179547,0
51.8,46.4,0.82,29.91,6,0,0,0,1,1,0,0,0,0,0.244351017,0
53.6,46.4,0.77,29.92,10,0,0,1,0,0,1,0,0,0,0.217476578,0
54,46,0.75,29.91,10,0,0,0,1,0,1,0,0,0,0.31550239,0
54,42.1,0.64,29.91,10,0,0,0,1,0,0,0,1,0,0.342986759,0
55.9,37.9,0.51,29.92,10,0,0,1,0,0,0,0,0,0,0.135306983,0
54,39.9,0.59,29.93,10,0,0,1,0,0,1,0,0,0,0.983749018,1
51.1,39.9,0.66,29.93,10,0,1,0,0,0,0,0,1,0,0.249839797,0
50,39,0.66,29.94,10,1,0,0,0,0,0,0,0,0,0.035073896,0
50,39,0.66,29.94,10,0,1,0,0,0,0,0,0,0,0.130318102,0
48.9,39.9,0.71,29.93,10,1,0,0,0,0,1,0,0,0,0.416009797,0
48.9,41,0.74,29.92,10,1,0,0,0,0,1,0,0,0,0.927188633,0
48,42.1,0.8,29.93,10,0,1,0,0,0,1,0,0,0,0.290980621,0
48,41,0.77,29.92,10,0,1,0,0,0,1,0,0,0,0.152064907,0
45,41,0.86,29.91,10,0,1,0,0,0,1,0,0,0,0.249839797,0
50,45,0.83,30.02,10,1,0,0,0,0,0,0,0,1,0.035073896,0
51.1,45,0.8,30.02,10,0,1,0,0,0,0,0,0,1,0.130318102,0
48.9,45,0.86,30.02,10,1,0,0,0,0,0,0,0,1,0.416009797,0
48.9,45,0.86,30.01,10,0,1,0,0,0,0,0,0,1,0.435636147,0
48.9,44.1,0.83,30.01,10,0,1,0,0,0,0,0,0,1,0.094397402,0
46.4,42.8,0.87,30.01,10,1,0,0,0,0,0,0,0,0,0.165980383,0
46.9,43,0.86,30.01,10,1,0,0,0,0,0,0,0,0,0.267469459,0
46,43,0.89,30.02,10,0,1,0,0,0,0,0,1,0,0.497969777,0
48.9,44.1,0.83,30.02,10,0,1,0,0,0,1,0,0,0,0.475469141,0
55,46,0.72,30.03,10,0,1,0,0,0,1,0,0,0,0.096136267,0
59,46.9,0.64,30.02,10,0,1,0,0,0,1,0,0,0,0.050378661,0
64,46,0.52,30.01,10,0,1,0,0,0,1,0,0,0,0.173733858,0
66,46,0.48,29.98,10,0,1,0,0,0,1,0,0,0,0.081252312,0
68,46,0.45,29.96,10,1,0,0,0,0,1,0,0,0,0.148342814,0
70,46,0.42,29.93,10,0,1,0,0,0,1,0,0,0,0.357310948,0
71.1,48,0.44,29.93,10,0,1,0,0,0,1,0,0,0,0.23664655,0
68,48.9,0.5,29.92,10,0,1,0,0,0,1,0,0,0,0.498173817,0
64,50,0.6,29.91,10,1,0,0,0,0,1,0,0,0,0.992238325,1
63,50,0.63,29.91,10,0,1,0,0,0,1,0,0,0,0.362977206,0
61,50,0.67,29.91,10,0,1,0,0,0,1,0,0,0,0.128859939,0
60.1,50,0.69,29.91,8,0,1,0,0,0,1,0,0,0,0.426170386,0
59,50,0.72,29.91,9,0,1,0,0,0,1,0,0,0,0.00603171,0
57,50,0.77,29.92,10,1,0,0,0,0,1,0,0,0,0.336731651,0
55,48.9,0.8,29.92,9,1,0,0,0,0,1,0,0,0,0.180987257,0
54,48,0.8,29.92,10,0,1,0,0,0,1,0,0,0,0.047241065,0
51.1,46.9,0.86,29.86,10,0,1,0,0,0,1,0,0,0,0.315516309,0
51.1,46.9,0.86,29.85,10,0,1,0,0,0,0,0,0,1,0.22325786,0
52,48,0.86,29.83,10,0,0,1,0,0,0,0,0,0,0.083483503,0
53.1,48,0.83,29.79,10,0,1,0,0,0,0,0,0,0,0.189222049,0
53.6,50,0.88,29.82,2.5,0,0,1,0,0,0,1,0,0,0.312789249,0
53.6,50,0.88,29.82,1.8,0,1,0,0,0,0,1,0,0,0.341461708,0
53.6,50,0.88,29.82,3,0,1,0,0,0,0,1,0,0,0.40227045,0
53.1,51.1,0.93,29.81,4,1,0,0,0,0,0,0,0,0,0.331160602,0
53.1,52,0.96,29.8,6,0,1,0,0,1,0,0,0,0,0.277452557,0
51.1,48.9,0.92,29.81,8,0,0,1,0,1,0,0,0,0,0.406182073,0
50,48.2,0.94,29.81,8,0,0,1,0,1,0,0,0,0,0.005938665,0
50,48.2,0.94,29.83,2.5,0,1,0,0,0,0,1,0,0,0.009775958,0
50,48.2,0.94,29.83,2,0,1,0,0,0,0,1,0,0,0.334071235,0
50,50,1,29.84,5,1,0,0,0,0,0,0,0,0,0.457179547,0
50,50,1,29.85,6,0,1,0,0,1,0,0,0,0,0.724246657,0
53.6,53.6,1,29.87,10,1,0,0,0,0,1,0,0,0,0.857046751,0
53.1,53.1,1,29.87,10,0,1,0,0,0,0,0,1,0,0.525328392,0
55,46.9,0.74,29.89,10,0,0,1,0,0,1,0,0,0,0.992238325,1
57,45,0.64,29.9,10,0,0,0,1,0,0,0,1,0,0.525328392,0
59,44.1,0.58,29.9,10,0,0,0,1,0,0,0,1,0,0.610651666,0
59,42.1,0.53,29.91,10,0,0,0,1,0,0,0,1,0,0.610651666,0
57.9,42.1,0.56,29.91,10,0,0,0,1,0,0,0,1,0,0.903714369,1
57.9,39.9,0.51,29.93,10,0,0,0,1,0,0,0,1,0,0.764762622,0
57,37.9,0.49,29.94,10,0,0,0,1,0,1,0,0,0,0.782662267,0
54,37.9,0.55,29.96,10,0,0,0,1,0,0,0,1,0,0.861606393,0
53.1,39,0.59,29.97,10,0,0,0,1,0,0,0,1,0,0.844784077,0
52,39.9,0.63,29.99,10,0,0,1,0,0,0,0,1,0,0.877610141,0
51.1,39.9,0.66,30.02,10,0,0,1,0,0,0,0,0,0,0.544654086,0
51.1,37.9,0.61,30.04,10,0,0,0,1,0,0,0,0,0,0.704214826,0
51.1,37,0.59,30.07,10,0,0,1,0,0,0,0,0,0,0.531527973,0
50,37,0.61,30.09,10,0,0,0,1,0,0,0,0,0,0.884048528,0
48,37,0.66,30.1,10,0,1,0,0,0,0,0,0,0,0.681145954,0
64.4,60.8,0.88,29.93,10,0,1,0,0,0,0,0,0,0,0.508998957,0
64.9,60.1,0.84,29.92,10,1,0,0,0,0,0,0,0,0,0.694356592,0
64.4,60.8,0.88,29.91,10,0,1,0,0,0,0,0,0,0,0.610651666,0
64,60.1,0.87,29.9,4,0,1,0,0,1,0,0,0,0,0.927188633,1
64.4,60.8,0.88,29.9,2.5,0,0,1,0,0,0,0,0,0,0.236548163,0
62.6,60.8,0.94,29.9,1,0,0,1,0,0,0,1,0,0,0.214219286,0
60.8,60.8,1,29.89,2,0,0,1,0,0,0,1,0,0,0.290971159,0
60.8,59,0.94,29.89,4,0,0,1,0,0,0,0,0,0,0.33426523,0
59,59,1,29.88,2.5,0,0,1,0,0,0,1,0,0,0.498996472,0
57.2,57.2,1,29.88,4,0,0,1,0,0,0,0,0,0,0.334005821,0
59,59,1,29.87,3,0,0,0,1,0,0,0,0,0,0.290980621,0
57,57,1,29.88,5,0,0,0,1,0,0,0,0,0,0.152064907,0
57.2,57.2,1,29.89,7,0,0,1,0,1,0,0,0,0,0.249839797,0
55.9,55.9,1,29.87,10,1,0,0,0,1,0,0,0,0,0.035073896,0
55.4,53.6,0.94,29.87,2.5,0,1,0,0,1,0,0,0,0,0.130318102,0
55.9,54,0.93,29.87,3,1,0,0,0,1,0,0,0,0,0.416009797,0
55,53.1,0.93,29.83,6,1,0,0,0,1,0,0,0,0,0.435636147,0
55,53.1,0.93,29.86,3,0,1,0,0,0,0,0,0,0,0.094397402,0
55,54,0.96,29.88,3,0,1,0,0,0,0,0,0,0,0.165980383,0
55.9,54,0.93,29.86,10,0,1,0,0,1,0,0,0,0,0.267469459,0
55,52,0.89,29.86,10,0,1,0,0,0,1,0,0,0,0.497969777,0
57.9,53.1,0.84,29.83,10,1,0,0,0,0,1,0,0,0,0.475469141,0
61,50,0.67,29.8,10,0,0,1,0,0,1,0,0,0,0.096136267,0
62.1,48.9,0.62,29.79,10,0,0,1,0,0,1,0,0,0,0.050378661,0
61,45,0.56,29.78,10,0,0,0,1,0,1,0,0,0,0.173733858,0
59,46.9,0.64,29.78,10,0,0,1,0,0,0,0,1,0,0.081252312,0
57.9,46,0.65,29.78,10,0,0,0,1,0,0,0,1,0,0.148342814,0
57.9,43,0.58,29.78,10,0,1,0,0,0,1,0,0,0,0.357310948,0
57,44.1,0.62,29.79,10,0,1,0,0,0,0,0,1,0,0.23664655,0
54,45,0.72,29.79,10,1,0,0,0,0,0,0,0,0,0.498173817,0
55,46,0.72,29.81,10,1,0,0,0,0,0,0,1,0,0.050378661,0
54,46,0.75,29.82,10,0,1,0,0,0,1,0,0,0,0.173733858,0
53.6,46.4,0.77,29.82,10,0,1,0,0,0,1,0,0,0,0.081252312,0
54,46,0.75,29.82,10,1,0,0,0,0,1,0,0,0,0.148342814,0
51.8,46.4,0.82,29.82,10,1,0,0,0,0,1,0,0,0,0.357310948,0
51.1,46,0.83,29.83,10,1,0,0,0,0,1,0,0,0,0.23664655,0
63,57,0.81,30,10,0,1,0,0,0,0,0,0,1,0.498173817,0
62.1,57,0.84,30,10,0,1,0,0,0,0,0,0,1,0.45750768,0
61,53.1,0.75,30,10,0,1,0,0,0,0,0,0,1,0.362977206,0
60.1,53.1,0.78,29.99,10,0,1,0,0,0,0,0,0,1,0.128859939,0
59,53.1,0.81,29.98,10,0,1,0,0,0,0,0,0,1,0.426170386,0
59,51.8,0.77,29.98,10,0,1,0,0,0,0,0,0,0,0.00603171,0
57.9,55,0.9,29.99,0.2,0,1,0,0,0,0,0,0,0,0.336731651,0
57.2,55.4,0.94,29.99,0.1,1,0,0,0,0,0,0,0,0,0.180987257,0
57.2,57.2,1,29.99,0.1,0,1,0,0,0,0,0,0,0,0.047241065,0
59,59,1,29.99,0.5,0,1,0,0,0,0,0,0,0,0.315516309,0
57.2,57.2,1,29.99,0.5,0,1,0,0,0,0,0,0,0,0.22325786,0
57.2,57.2,1,29.98,1.2,1,0,0,0,0,0,0,0,0,0.083483503,0
57,57,1,29.99,0.5,0,1,0,0,0,0,0,0,0,0.189222049,0
57.2,57.2,1,29.98,0.2,0,1,0,0,0,0,0,0,0,0.312789249,0
57.2,57.2,1,29.99,0.1,0,1,0,0,0,0,0,0,0,0.341461708,0
57.9,57.9,1,30,0.1,0,1,0,0,0,0,0,0,0,0.40227045,0
59,59,1,30.01,0.1,1,0,0,0,0,0,0,0,0,0.331160602,0
60.8,60.8,1,30.03,0.5,1,0,0,0,0,0,0,0,0,0.277452557,0
61,61,1,30.03,0.5,1,0,0,0,0,0,0,0,0,0.406182073,0
60.8,60.8,1,30.04,0.2,1,0,0,0,0,0,0,0,0,0.005938665,0
60.8,60.8,1,30.04,0.5,1,0,0,0,0,0,0,0,0,0.009775958,0
62.6,62.6,1,30.05,1,0,1,0,0,0,0,0,0,0,0.334071235,0
62.1,62.1,1,30.06,1.2,0,1,0,0,0,0,0,0,0,0.457179547,0
62.6,60.8,0.94,30.07,3,0,1,0,0,0,0,0,0,0,0.244351017,0
63,61,0.93,30.07,3,0,1,0,0,0,0,0,0,0,0.050378661,0
64.9,61,0.87,30.06,7,1,0,0,0,0,1,0,0,0,0.173733858,0
66.2,60.8,0.83,30.06,7,1,0,0,0,0,1,0,0,0,0.081252312,0
66.9,61,0.81,30.05,10,0,1,0,0,0,1,0,0,0,0.148342814,0
66.2,62.6,0.88,30.03,10,0,1,0,0,0,0,0,1,0,0.357310948,0
71.1,62.1,0.73,30.11,10,0,1,0,0,0,0,0,0,0,0.23664655,0
75.9,61,0.6,29.98,10,0,0,1,0,0,0,0,0,0,0.498173817,0
73,62.1,0.68,29.99,10,0,0,1,0,0,0,0,0,0,0.45750768,0
75,60.1,0.6,29.98,10,0,1,0,0,0,0,0,1,0,0.362977206,0
70,59,0.68,29.99,10,0,0,1,0,0,0,0,1,0,0.128859939,0
68,57.9,0.7,29.99,10,0,0,1,0,0,0,0,1,0,0.426170386,0
66,59,0.78,30.01,10,0,1,0,0,0,0,0,1,0,0.999934488,1
64.9,57.9,0.78,30.02,10,0,1,0,0,0,0,0,1,0,0.336731651,0
64.9,57.9,0.78,30.03,10,1,0,0,0,0,0,0,1,0,0.180987257,0
64,57.9,0.8,30.03,10,0,1,0,0,0,0,0,1,0,0.047241065,0
63,57,0.81,30.02,10,0,1,0,0,0,0,0,0,0,0.315516309,0
73.9,52,0.46,29.84,8,0,1,0,0,0,0,0,0,1,0.22325786,0
72,52,0.49,29.83,9,1,0,0,0,0,0,0,0,1,0.083483503,0
72,52,0.49,29.84,10,1,0,0,0,0,0,0,0,1,0.189222049,0
68,63,0.84,29.84,8,0,1,0,0,0,0,0,0,1,0.312789249,0
66.9,63,0.87,29.84,8,0,1,0,0,0,0,0,0,1,0.341461708,0
66.9,62.1,0.84,29.83,8,0,1,0,0,0,0,0,0,1,0.40227045,0
66,61,0.84,29.85,6,0,1,0,0,0,0,0,0,0,0.331160602,0
68,62.1,0.81,29.86,6,0,1,0,0,0,0,0,0,0,0.277452557,0
73,57.9,0.59,29.86,7,0,1,0,0,0,0,0,0,0,0.406182073,0
77,55.9,0.48,29.85,7,0,1,0,0,0,0,0,0,0,0.96451795,1
82,57,0.42,29.85,7,1,0,0,0,0,0,0,0,0,0.457179547,0
82.9,62.1,0.49,29.84,7,1,0,0,0,0,0,0,0,0,0.244351017,0
86,59,0.4,29.83,8,0,1,0,0,0,0,0,0,0,0.244351017,0
88,57.9,0.36,29.82,9,0,0,1,0,0,0,0,0,0,0.244351017,0
91,52,0.26,29.81,9,0,0,1,0,0,0,0,0,0,0.014041143,0
89.1,57,0.34,29.8,9,0,0,1,0,0,0,0,0,0,0.242872159,0
87.1,57,0.36,29.8,10,0,0,1,0,0,0,0,0,0,0.553157503,0
84,57.9,0.41,29.8,10,0,0,1,0,0,0,0,0,0,0.040960306,0
80.1,55,0.42,29.81,10,0,0,1,0,0,0,0,0,0,0.022353635,0
73,59,0.61,29.82,10,0,0,1,0,0,0,0,0,0,0.470547718,0
70,61,0.73,29.85,10,0,1,0,0,0,0,0,0,1,0.292500787,0
66.9,60.1,0.79,29.88,10,0,1,0,0,0,0,0,0,1,0.53098235,0
64,59,0.84,29.9,9,0,1,0,0,0,0,0,0,1,0.540218159,0
64,59,0.84,29.91,9,0,1,0,0,0,0,0,0,1,0.1037395,0
62.1,55,0.78,29.99,10,0,1,0,0,0,0,0,0,1,0.121626046,0
62.1,55.9,0.8,29.99,10,0,1,0,0,0,0,0,0,1,0.536537924,0
62.1,57,0.84,29.99,10,0,1,0,0,0,0,0,0,1,0.442093012,0
61,54,0.78,29.99,10,0,1,0,0,0,0,0,0,1,0.438338838,0
59,54,0.83,30.11,10,1,0,0,0,0,0,0,0,1,0.585920407,0
59,55.4,0.88,30.01,10,1,0,0,0,0,0,0,0,0,0.382202952,0
59,55,0.87,30.01,10,1,0,0,0,0,0,0,0,0,0.463773863,0
59,55,0.87,30.03,10,0,1,0,0,0,0,0,0,0,0.489433439,0
62.1,55,0.78,30.05,10,0,1,0,0,0,0,0,0,0,0.076348009,0
66,55,0.68,30.06,10,0,1,0,0,0,0,0,0,1,0.212109305,0
69.1,53.1,0.57,30.06,10,0,1,0,0,0,0,0,0,1,0.4639304,0
73.9,51.1,0.45,30.05,10,0,1,0,0,0,0,0,0,1,0.11289574,0
75.9,54,0.46,30.05,10,0,1,0,0,0,0,0,0,1,0.054769074,0
78.1,52,0.4,30.04,10,0,1,0,0,0,0,0,0,1,0.43742144,0
79,54,0.42,30.02,10,0,1,0,0,0,0,0,0,1,0.060050603,0
80.1,53.1,0.39,30.01,10,0,0,1,0,0,0,0,0,1,0.520799815,0
81,55,0.41,30.11,10,0,0,1,0,0,0,0,0,1,0.29407558,0
79,55.9,0.45,29.99,10,0,0,0,1,0,0,0,0,1,0.053007059,0
78.1,55.9,0.46,29.99,10,0,0,0,1,0,0,0,0,1,0.239359424,0
75.9,57,0.52,29.99,10,0,0,1,0,0,0,0,0,1,0.559873044,1
72,59,0.64,30.22,10,0,0,1,0,0,0,0,0,0,0.124212887,0
70,60.1,0.71,30.03,10,0,0,1,0,0,0,0,0,0,0.483802374,0
68,61,0.78,30.05,10,0,0,1,0,0,0,0,0,0,0.052643332,0
66.9,62.1,0.84,30.05,10,0,1,0,0,0,0,0,1,0,0.567131106,0
66,61,0.84,30.05,10,0,1,0,0,0,1,0,0,0,0.35315625,0
64,57,0.78,30.01,10,0,1,0,0,0,0,0,0,1,0.391884553,0
64,55.9,0.75,30.22,10,1,0,0,0,0,0,0,0,1,0.368523928,0
62.6,55.4,0.77,30.01,10,1,0,0,0,0,1,0,0,0,0.021984425,0
64,55.9,0.75,30.01,10,1,0,0,0,0,1,0,0,0,0.105704126,0
62.6,53.6,0.72,30.02,10,1,0,0,0,0,0,0,1,0,0.514167396,0
62.1,54,0.75,30.02,10,0,1,0,0,0,0,0,0,0,0.054651701,0
60.1,53.1,0.78,30.02,10,1,0,0,0,0,0,0,0,1,0.315899338,0
59,52,0.78,30.03,10,0,1,0,0,0,0,0,0,0,0.046842636,0
60.1,53.1,0.78,30.04,10,0,1,0,0,0,0,0,0,0,0.438025246,0
63,54,0.72,30.05,10,0,1,0,0,0,0,0,0,0,0.161056832,0
66,55,0.68,30.06,10,1,0,0,0,0,0,0,1,0,0.462266428,0
66.9,55,0.66,30.05,10,1,0,0,0,0,0,0,1,0,0.528075827,0
70,55.9,0.61,30.04,10,0,1,0,0,0,0,0,1,0,0.263158697,0
72,55.9,0.57,30.03,10,1,0,0,0,0,0,0,0,0,0.255085701,0
75,55.9,0.51,30.01,10,0,1,0,0,0,0,0,1,0,0.436480091,0
78.1,55.9,0.46,29.98,10,1,0,0,0,0,0,0,1,0,0.586622699,0
78.1,57.9,0.5,29.97,10,0,1,0,0,0,1,0,0,0,0.340125734,0
79,57,0.47,29.94,10,0,1,0,0,0,1,0,0,0,0.319948632,0
77,57.9,0.52,29.94,10,0,0,1,0,0,1,0,0,0,0.044436772,0
75.9,60.1,0.58,29.93,10,0,0,1,0,0,1,0,0,0,0.526365957,0
75,61,0.62,29.91,10,0,0,1,0,0,1,0,0,0,0.380441924,0
71.1,60.1,0.68,29.92,10,0,0,1,0,0,1,0,0,0,0.21940522,1
68,57.9,0.7,29.92,10,0,0,1,0,0,1,0,0,0,0.064770604,0
66.9,57.9,0.73,29.94,10,0,1,0,0,0,1,0,0,0,0.457629887,0
66,59,0.78,29.93,10,1,0,0,0,0,1,0,0,0,0.45393229,0
66,57.9,0.75,29.93,10,0,1,0,0,0,1,0,0,0,0.062590481,0
66,55,0.68,30.01,10,1,0,0,0,0,1,0,0,0,0.190041592,0
64.9,55,0.7,30,10,0,1,0,0,0,0,0,0,0,0.347240395,0
64.9,55,0.7,30.01,10,1,0,0,0,0,0,0,0,1,0.561334028,0
64.9,55.9,0.73,30.02,10,1,0,0,0,0,1,0,0,0,0.44094087,0
64.9,55,0.7,30.03,10,0,1,0,0,0,0,0,0,1,0.576430393,0
64.9,55.9,0.73,30.03,10,1,0,0,0,0,1,0,0,0,0.549516652,0
66,55.9,0.7,30.05,10,0,1,0,0,0,1,0,0,0,0.168841656,0
66.9,55.9,0.68,30.05,10,0,1,0,0,0,1,0,0,0,0.559406977,0
68,55,0.63,30.06,10,1,0,0,0,0,1,0,0,0,0.243751071,0
70,57,0.63,30.05,10,1,0,0,0,0,1,0,0,0,0.330756159,0
72,55.9,0.57,30.06,10,0,1,0,0,1,0,0,0,0,0.225044003,0
73.9,57,0.55,30.06,10,1,0,0,0,0,1,0,0,0,0.444735259,0
79,55.9,0.45,30.05,10,1,0,0,0,0,1,0,0,0,0.118727337,0
82.9,57.9,0.42,30.03,10,0,1,0,0,0,1,0,0,0,0.563104725,0
87.1,60.1,0.4,30.01,10,1,0,0,0,0,1,0,0,0,0.301631571,0
89.1,61,0.39,29.99,10,0,1,0,0,0,1,0,0,0,0.913447272,1
86,60.1,0.41,29.99,10,0,0,1,0,0,1,0,0,0,0.569406481,0
82.9,62.1,0.49,29.99,10,0,0,0,1,0,1,0,0,0,0.314694528,0
80.1,61,0.52,30,10,0,0,1,0,0,1,0,0,0,0.366082093,0
77,57,0.5,30.02,10,0,0,1,0,0,1,0,0,0,0.48052972,0
75,55.9,0.51,30.03,10,0,0,1,0,0,1,0,0,0,0.18379945,0
73.9,54,0.5,30.04,10,0,1,0,0,0,0,0,1,0,0.23420157,0
73,55.9,0.55,30.04,10,1,0,0,0,0,1,0,0,0,0.595868309,0
72,55.9,0.57,30.04,10,0,1,0,0,0,0,0,0,0,0.030249252,0
59,55.4,0.88,29.9,10,0,1,0,0,0,0,0,0,1,0.398148489,0
57.2,55.4,0.94,29.9,10,0,1,0,0,0,0,0,1,0,0.119298,0
57.2,55.4,0.94,29.9,10,0,1,0,0,0,1,0,0,0,0.131004959,0
57.9,55,0.9,29.91,10,1,0,0,0,0,0,0,0,0,0.570142247,0
57,54,0.89,29.92,10,1,0,0,0,0,0,0,0,0,0.435122665,0
57,54,0.89,29.92,10,1,0,0,0,0,0,0,0,0,0.209240492,0
57.2,53.6,0.88,29.94,10,1,0,0,0,0,0,0,0,0,0.563110377,0
57,53.1,0.87,29.94,10,0,1,0,0,0,0,0,0,0,0.180945874,0
57,53.1,0.87,29.96,8,1,0,0,0,0,0,0,0,0,0.043778913,0
57.9,53.1,0.84,29.98,8,0,1,0,0,0,1,0,0,0,0.898119559,1
59,53.6,0.82,29.99,8,0,1,0,0,0,1,0,0,0,0.598935373,0
60.8,53.6,0.77,30,10,0,1,0,0,0,0,0,1,0,0.306597236,0
62.1,53.1,0.72,30.01,10,1,0,0,0,0,0,0,1,0,0.488227186,0
64,53.1,0.67,30.02,10,0,1,0,0,0,0,0,0,0,0.159123444,0
69.8,51.8,0.53,30.02,10,0,1,0,0,0,0,0,0,1,0.45760858,0
70,51.1,0.51,30.02,10,0,1,0,0,0,0,0,0,1,0.201140143,0
71.1,53.1,0.53,30.01,10,0,0,1,0,0,0,0,0,1,0.550516799,0
70,53.1,0.55,30.01,10,0,0,1,0,0,0,0,0,1,0.392053555,0
71.1,51.1,0.49,30.01,10,0,0,1,0,0,0,0,0,1,0.469476112,0
73,50,0.44,29.99,10,0,0,0,1,0,0,0,0,1,0.117102284,0
70,50,0.49,29.99,10,0,0,1,0,0,0,0,0,1,0.395580784,0
69.1,48.9,0.49,29.99,10,0,0,1,0,0,0,0,0,0,0.033021062,0
68,48.2,0.49,29.99,10,0,0,1,0,0,0,0,0,0,0.555604082,0
66.2,48.2,0.52,29.99,10,0,0,1,0,0,0,0,0,0,0.573159055,0
62.6,48.2,0.59,30,10,0,0,1,0,0,0,0,0,1,0.03481221,0
60.1,50,0.69,30.01,10,0,0,1,0,0,0,0,0,0,0.395784094,0
59,50,0.72,30.02,10,0,0,1,0,0,0,0,0,1,0.519024354,0
57.9,51.1,0.78,30.03,10,0,1,0,0,0,0,0,0,1,0.111337982,0
57,51.1,0.81,30.03,10,0,1,0,0,0,0,0,0,1,0.327410686,0
55.4,44.6,0.67,29.98,10,0,1,0,0,0,1,0,0,0,0.295305126,0
55,46,0.72,29.98,10,1,0,0,0,0,0,0,0,0,0.194173783,0
53.6,46.4,0.77,29.97,10,0,1,0,0,0,0,0,1,0,0.469006418,0
54,46,0.75,29.97,10,0,1,0,0,0,0,0,0,1,0.124015542,0
53.6,46.4,0.77,29.97,10,1,0,0,0,0,1,0,0,0,0.157663525,0
53.6,44.6,0.72,29.97,10,0,1,0,0,0,0,0,1,0,0.208660003,0
53.6,44.6,0.72,29.97,10,1,0,0,0,0,1,0,0,0,0.583916935,0
53.1,45,0.74,29.97,10,1,0,0,0,0,1,0,0,0,0.301960692,0
50,44.6,0.82,29.97,10,1,0,0,0,0,0,0,1,0,0.343445348,0
51.1,44.1,0.77,29.98,10,0,1,0,0,0,1,0,0,0,0.249496006,0
51.8,44.6,0.76,29.97,10,1,0,0,0,0,0,0,0,0,0.513791121,0
50,44.1,0.8,29.97,10,1,0,0,0,0,1,0,0,0,0.226812428,0
52,44.1,0.74,29.98,10,1,0,0,0,0,1,0,0,0,0.152322541,0
53.1,45,0.74,30.01,10,1,0,0,0,0,0,0,0,0,0.596909811,0
55,46,0.72,30.01,10,0,1,0,0,0,0,0,0,0,0.988176192,1
55,46,0.72,30.01,10,1,0,0,0,0,0,0,0,0,0.093744631,0
55.4,46.4,0.72,30.01,10,1,0,0,0,0,1,0,0,0,0.333539285,0
57.9,46,0.65,30.01,10,0,1,0,0,0,1,0,0,0,0.052981284,0
61,46.9,0.6,30.01,10,0,1,0,0,0,1,0,0,0,0.198959324,0
63,48,0.58,30.01,10,1,0,0,0,0,0,0,1,0,0.024958173,0
66,48,0.52,30,10,0,0,1,0,0,0,0,0,0,0.354546478,0
66.9,50,0.54,30,10,0,0,1,0,0,0,0,1,0,0.010274162,0
66,51.1,0.59,30,10,0,0,1,0,0,0,0,1,0,0.011985274,0
64.9,50,0.58,29.99,10,0,0,1,0,0,0,0,1,0,0.526551686,0
64,50,0.6,29.99,10,0,0,1,0,0,0,0,1,0,0.568320656,0
63,48.9,0.6,29.99,10,0,0,1,0,0,0,0,1,0,0.175884093,0
61,48.9,0.64,29.99,10,0,0,1,0,0,0,0,1,0,0.579240185,0
57.9,48,0.7,30.01,10,0,0,1,0,0,1,0,0,0,0.123307902,0
55.9,46.9,0.72,30.03,10,0,0,1,0,0,0,0,1,0,0.510450855,0
55.9,46.9,0.72,30.04,10,0,1,0,0,0,1,0,0,0,0.2776022,0
55.4,46.4,0.72,30.05,10,0,1,0,0,0,1,0,0,0,0.293195406,0
55,46.9,0.74,30.05,10,0,1,0,0,0,1,0,0,0,0.544222461,0
55,46,0.72,30.04,10,0,1,0,0,0,1,0,0,0,0.168235634,0
55,45,0.69,29.9,10,0,1,0,0,0,0,0,0,1,0.238330353,0
55.4,44.6,0.67,29.89,10,0,1,0,0,0,0,0,0,0,0.973096268,1
55,44.1,0.67,29.88,10,0,1,0,0,0,0,0,0,0,0.447046694,0
55,43,0.64,29.87,10,1,0,0,0,0,0,0,0,0,0.336952749,0
54,44.1,0.69,29.86,10,0,1,0,0,0,0,0,0,0,0.130595052,0
54,44.1,0.69,29.85,10,0,1,0,0,0,0,0,0,0,0.204520889,0
53.6,44.6,0.72,29.85,10,1,0,0,0,0,0,0,0,0,0.585027423,0
55.4,44.6,0.67,29.85,10,0,1,0,0,0,0,0,0,0,0.080185569,0
57.9,46,0.65,29.84,10,1,0,0,0,0,0,0,0,0,0.313068881,0
61,44.1,0.54,29.83,10,1,0,0,0,0,0,0,0,0,0.305749281,0
63,44.1,0.5,29.83,10,1,0,0,0,0,0,0,0,0,0.108487381,0
68,45,0.43,29.81,10,1,0,0,0,0,0,0,0,0,0.509398238,0
60.1,46.9,0.62,29.81,10,0,0,1,0,0,0,0,0,0,0.284417746,0
59,50,0.72,29.81,10,0,0,1,0,1,0,0,0,0,0.461371368,0
57.9,48.9,0.72,29.81,10,0,1,0,0,0,1,0,0,0,0.406960858,0
55.4,53.6,0.94,29.82,2,0,0,1,0,0,0,1,0,0,0.577356287,0
55,53.1,0.93,29.81,2.5,0,0,1,0,0,0,1,0,0,0.330866379,0
55.4,53.6,0.94,29.82,5,0,1,0,0,0,0,0,0,0,0.188789008,0
55.4,53.6,0.94,29.81,9,0,0,1,0,0,1,0,0,0,0.170333738,0
55,55,1,29.81,7,1,0,0,0,1,0,0,0,0,0.487210163,0
57,55,0.93,29.8,10,1,0,0,0,0,1,0,0,0,0.273706345,0
57.9,48.9,0.72,29.8,10,0,1,0,0,0,1,0,0,0,0.360315662,0
57,48.9,0.74,29.81,10,0,1,0,0,0,1,0,0,0,0.052366688,0
57.2,50,0.77,29.82,10,1,0,0,0,0,1,0,0,0,0.462254614,0
57,50,0.77,29.83,10,0,1,0,0,0,0,0,1,0,0.148724417,0
55,46,0.72,29.85,10,0,1,0,0,0,0,0,1,0,0.108140781,0
55,46,0.72,29.85,10,0,1,0,0,0,1,0,0,0,0.562308694,0
52,45,0.77,29.93,10,0,1,0,0,0,0,0,0,1,0.311066981,0
51.1,45,0.8,29.93,10,0,0,1,0,0,0,0,0,1,0.29592052,0
50,44.1,0.8,29.92,10,0,1,0,0,0,0,0,0,1,0.443964281,0
50,44.1,0.8,29.91,10,0,0,1,0,0,0,0,0,1,0.47264665,0
48.9,43,0.8,29.91,10,0,1,0,0,0,0,0,0,1,0.144121531,0
48.9,42.1,0.77,29.9,10,0,1,0,0,0,0,0,0,0,0.407254118,0
48,42.1,0.8,29.9,10,0,1,0,0,0,0,0,1,0,0.584530488,0
51.8,42.8,0.71,29.9,10,0,0,1,0,0,0,0,0,0,0.292086249,0
54,42.1,0.64,29.9,10,0,1,0,0,0,0,0,0,0,0.563659798,0
57,42.1,0.57,29.9,10,0,1,0,0,0,0,0,0,0,0.025332836,0
61,42.1,0.5,29.89,10,0,1,0,0,0,0,0,0,0,0.246625899,0
63,43,0.48,29.88,10,0,1,0,0,0,0,0,0,0,0.293363556,0
66,44.1,0.45,29.86,10,0,1,0,0,0,0,0,0,0,0.350361796,0
69.1,46.9,0.45,29.84,10,0,1,0,0,0,0,0,0,0,0.937052303,1
69.1,46,0.44,29.83,10,0,0,1,0,0,0,0,0,0,0.022767084,0
70,46,0.42,29.81,10,0,0,1,0,0,0,0,0,0,0.054500041,0
69.8,46.4,0.43,29.8,10,0,0,1,0,0,0,0,0,0,0.886710779,1
66,46.9,0.5,29.81,10,0,0,1,0,0,0,0,0,0,0.030833394,0
64,45,0.5,29.81,10,0,0,1,0,0,0,0,0,0,0.198750925,0
61,43,0.52,29.82,10,0,0,1,0,0,0,0,0,0,0.558081766,0
59,43,0.55,29.83,10,0,1,0,0,0,0,0,0,0,0.152462328,0
57,43,0.59,29.83,10,0,1,0,0,0,0,0,0,1,0.341035608,0
55.9,42.1,0.6,29.83,10,1,0,0,0,0,0,0,0,1,0.14757984,0
53.1,45,0.74,29.83,10,0,1,0,0,0,0,0,0,1,0.503425047,0
57.9,46.9,0.67,30.02,10,1,0,0,0,0,0,0,0,1,0.011800511,0
54,48.9,0.83,30.01,10,0,1,0,0,0,0,0,0,1,0.210972452,0
55,50,0.83,30.01,10,1,0,0,0,0,0,0,0,1,0.464057457,0
54,48.9,0.83,30.01,10,1,0,0,0,0,0,0,0,1,0.401634093,0
52,46.9,0.83,30.01,10,1,0,0,0,0,0,0,0,1,0.036284092,0
53.6,48.2,0.82,30.02,10,1,0,0,0,0,0,0,0,0,0.224479189,0
53.1,48,0.83,30.02,10,1,0,0,0,0,0,0,0,0,0.169617517,0
53.6,48.2,0.82,30.03,10,0,1,0,0,0,1,0,0,0,0.309474786,0
53.6,48.2,0.82,30.03,10,1,0,0,0,0,0,0,1,0,0.533121586,0
53.1,48,0.83,30.04,10,1,0,0,0,0,0,0,1,0,0.03375551,0
54,48.9,0.83,30.06,10,1,0,0,0,0,0,0,1,0,0.509343928,0
55.4,48.2,0.77,30.06,10,1,0,0,0,0,1,0,0,0,0.946346495,1
55.9,48.9,0.77,30.06,10,1,0,0,0,0,1,0,0,0,0.956089233,1
57.2,50,0.77,30.06,10,1,0,0,0,0,0,0,1,0,0.575531171,0
59,48.9,0.69,30.07,10,1,0,0,0,0,0,0,1,0,0.494700185,0
60.8,50,0.68,30.09,10,0,1,0,0,0,0,0,0,0,0.169861405,0
61,48.9,0.64,30.1,10,0,1,0,0,0,0,0,0,0,0.194305441,0
63,48.9,0.6,30.1,10,0,0,1,0,0,0,0,1,0,0.304369112,0
64,48.9,0.58,30.09,10,0,0,1,0,0,0,0,1,0,0.331077057,0
64.9,46.9,0.52,30.09,10,0,0,0,1,0,1,0,0,0,0.393671062,0
64.9,48,0.54,30.08,10,0,0,1,0,0,1,0,0,0,0.073319518,0
64.4,44.6,0.49,30.09,10,0,0,0,1,0,1,0,0,0,0.028442894,0
62.1,44.1,0.52,30.09,10,0,0,1,0,0,0,0,1,0,0.041767638,0
61,39.9,0.46,30.09,10,0,0,1,0,0,0,0,1,0,0.487911202,0
57,42.1,0.57,30.12,10,0,0,0,1,0,0,0,0,0,0.065507448,0
55.9,45,0.67,30.14,10,0,0,1,0,0,0,0,0,0,0.104052464,0
55,46,0.72,30.16,10,0,0,1,0,0,0,0,1,0,0.152827198,0
55,45,0.69,30.17,10,0,1,0,0,0,1,0,0,0,0.500733814,0
55.9,48,0.75,30.17,9,0,1,0,0,0,1,0,0,0,0.138097791,0
50,41,0.71,30.1,10,1,0,0,0,0,0,0,0,1,0.436418884,0
50,43,0.77,30.09,10,0,1,0,0,0,0,0,0,1,0.499639627,0
48,41,0.77,30.08,10,0,1,0,0,0,0,0,0,1,0.449327999,0
46,39.9,0.79,30.07,10,0,1,0,0,0,0,0,0,1,0.049137963,0
46,39.9,0.79,30.06,10,0,1,0,0,0,0,0,0,1,0.366411507,0
45,39.9,0.82,30.05,10,0,1,0,0,0,0,0,0,0,0.319583086,0
46,39.9,0.79,30.06,10,1,0,0,0,0,1,0,0,0,0.886710779,1
48.2,42.8,0.82,30.06,10,1,0,0,0,0,1,0,0,0,0.42173446,0
51.8,42.8,0.71,30.05,10,1,0,0,0,0,1,0,0,0,0.496251403,0
55,44.1,0.67,30.05,10,0,1,0,0,0,1,0,0,0,0.338185688,0
57.9,37.9,0.47,30.04,10,0,1,0,0,0,1,0,0,0,0.13855249,0
63,34,0.34,30.03,10,0,1,0,0,0,1,0,0,0,0.018130182,0
66,30,0.26,30,10,0,1,0,0,0,1,0,0,0,0.404722639,0
66,35.1,0.32,29.99,10,1,0,0,0,0,1,0,0,0,0.540342507,0
68,36,0.31,29.96,10,0,1,0,0,0,1,0,0,0,0.309700035,0
69.1,39.9,0.35,29.94,10,0,0,1,0,0,1,0,0,0,0.060080706,0
69.1,39,0.33,29.93,10,0,1,0,0,0,1,0,0,0,0.489657091,0
66.9,37.9,0.34,29.93,10,0,0,1,0,0,0,0,1,0,0.22968331,0
62.1,43,0.5,29.94,10,0,0,1,0,0,0,0,1,0,0.026269624,0
60.1,45,0.57,29.95,10,0,0,1,0,0,0,0,0,0,0.05510984,0
57.9,45,0.62,29.97,10,0,1,0,0,0,0,0,0,1,0.492693124,0
57,44.1,0.62,29.99,10,0,1,0,0,0,0,0,0,1,0.580843755,0
55.9,44.1,0.64,29.99,10,0,1,0,0,0,0,0,0,1,0.219681806,0
55,44.1,0.67,29.99,10,0,1,0,0,0,0,0,0,1,0.232661036,0
46.9,36,0.66,29.96,10,0,1,0,0,0,0,0,0,1,0.204069665,0
45,36,0.71,29.96,10,0,1,0,0,0,0,0,0,1,0.13705677,0
45,36,0.71,29.96,10,1,0,0,0,0,0,0,0,1,0.222179982,0
43,35.1,0.74,29.96,10,1,0,0,0,0,0,0,0,1,0.522312491,0
43,36,0.76,29.96,10,1,0,0,0,0,0,0,0,1,0.503128454,0
42.1,35.1,0.76,29.96,10,1,0,0,0,0,0,0,0,1,0.516400668,0
43,35.1,0.74,29.97,10,1,0,0,0,0,0,0,1,0,0.175347945,0
46,37,0.71,29.99,10,0,1,0,0,0,0,0,1,0,0.120172162,0
51.1,37.9,0.61,29.99,10,0,1,0,0,0,0,0,1,0,0.490429676,0
55,37.9,0.53,29.99,10,0,1,0,0,0,1,0,0,0,0.008668673,0
57.9,34,0.41,29.99,10,0,1,0,0,0,1,0,0,0,0.539896595,0
60.1,35.1,0.39,29.97,10,0,1,0,0,0,1,0,0,0,0.138544359,0
62.1,35.1,0.37,29.96,10,0,1,0,0,0,1,0,0,0,0.313152179,0
63,34,0.34,29.94,10,0,1,0,0,0,0,0,0,0,0.49388123,0
63,34,0.34,29.94,10,0,0,1,0,0,0,0,0,0,0.457545845,0
63,33.1,0.33,29.92,10,0,0,1,0,0,0,0,0,0,0.947516002,1
61,35.1,0.38,29.91,10,0,0,1,0,0,0,0,0,0,0.244767162,0
59,36,0.42,29.9,10,0,0,1,0,0,0,0,0,0,0.237236253,0
57,39,0.51,29.9,10,0,0,1,0,0,0,0,0,0,0.039267526,0
55.9,39.9,0.55,29.9,10,0,0,1,0,0,1,0,0,0,0.054711689,0
55.9,39.9,0.55,29.89,10,0,0,1,0,0,1,0,0,0,0.587592953,0
55,39.9,0.57,29.9,10,1,0,0,0,0,0,0,1,0,0.282337766,0
54,41,0.62,29.89,10,0,0,1,0,0,0,0,1,0,0.571573064,0
55,41,0.59,29.88,10,0,0,1,0,0,1,0,0,0,0.380996715,0
51.1,39,0.63,30.13,10,1,0,0,0,0,0,0,0,1,0.407782257,0
50,37.9,0.63,30.12,10,0,1,0,0,0,0,0,0,1,0.342467723,0
48,37.9,0.68,30.12,10,0,1,0,0,0,0,0,0,1,0.287171963,0
46,35.1,0.66,30.1,10,0,1,0,0,0,0,0,0,1,0.314438988,0
45,35.1,0.68,30.1,10,0,1,0,0,0,0,0,0,1,0.28795934,0
44.1,34,0.68,30.09,10,0,1,0,0,0,0,0,0,1,0.222465839,0
43,34,0.71,30.1,10,1,0,0,0,0,1,0,0,0,0.008299961,0
45,36,0.71,30.11,10,1,0,0,0,0,1,0,0,0,0.203065617,0
51.1,37,0.59,30.1,10,1,0,0,0,0,0,0,1,0,0.013240274,0
55.9,39,0.53,30.1,10,0,1,0,0,0,0,0,0,0,0.271676304,0
61,39,0.44,30.1,10,0,1,0,0,0,0,0,0,0,0.169954519,0
63,39.9,0.43,30.08,10,0,1,0,0,0,0,0,0,0,0.234401388,0
64,41,0.43,30.06,10,0,0,1,0,0,0,0,0,0,0.206679071,0
64.9,39,0.39,30.04,10,0,0,1,0,0,0,0,0,0,0.04800945,0
64.9,41,0.42,30.02,10,0,0,0,1,0,0,0,1,0,0.266637752,0
64,39,0.4,30.01,10,0,0,0,1,0,0,0,1,0,0.130319652,0
63,37.9,0.4,30.01,10,0,0,0,1,0,1,0,0,0,0.537242727,0
59,36,0.42,30,10,0,0,1,0,0,1,0,0,0,0.287398872,0
57,35.1,0.44,30,10,0,0,1,0,0,1,0,0,0,0.457086137,0
55.9,32,0.4,30,10,0,0,1,0,0,1,0,0,0,0.221815316,0
52,33.1,0.49,30,10,0,1,0,0,0,1,0,0,0,0.180371188,0
53.1,34,0.48,30,10,0,1,0,0,0,0,0,0,0,0.583552524,0
50,34,0.54,29.99,10,0,1,0,0,0,0,0,0,1,0.361286712,0
50,37,0.61,29.99,10,0,1,0,0,0,0,0,0,0,0.573500894,0
55.9,46,0.69,30.1,10,0,1,0,0,0,0,0,0,1,0.338496596,0
55.9,45,0.67,30.1,10,0,1,0,0,0,0,0,0,1,0.166688006,0
54,45,0.72,30.1,10,0,1,0,0,0,0,0,0,1,0.006386038,0
52,45,0.77,30.1,10,0,1,0,0,0,0,0,0,1,0.140021651,0
51.1,44.1,0.77,30.1,10,1,0,0,0,0,0,0,0,1,0.566784025,0
50,43,0.77,30.12,10,0,1,0,0,0,0,0,0,0,0.17203647,0
51.1,44.1,0.77,30.13,10,1,0,0,0,0,0,0,0,0,0.127551914,0
53.1,45,0.74,30.15,10,0,1,0,0,0,1,0,0,0,0.299855052,0
57,50,0.77,30.17,10,0,0,1,0,0,0,0,0,0,0.006673537,0
61,50,0.67,30.18,10,0,0,1,0,0,0,0,1,0,0.124393118,0
63,48.9,0.6,30.18,10,0,0,1,0,0,0,0,1,0,0.567004317,0
64.9,46.9,0.52,30.18,10,0,0,1,0,0,0,0,0,0,0.212313297,0
64.9,46,0.5,30.18,10,0,0,1,0,0,0,0,0,0,0.151095138,0
68,41,0.37,30.17,10,0,0,1,0,0,0,0,0,0,0.413722301,0
66.2,41,0.4,30.14,10,0,0,0,1,0,0,0,1,0,0.391703609,0
66.9,41,0.39,30.14,10,0,0,0,1,0,0,0,0,0,0.499903257,0
66,39.9,0.38,30.13,10,0,0,1,0,0,0,0,0,1,0.35237737,0
64.9,37,0.36,30.14,10,0,0,1,0,0,0,0,0,0,0.900735501,1
62.1,37.9,0.41,30.14,10,0,0,1,0,0,0,0,0,0,0.440869226,0
57.9,39.9,0.51,30.15,10,0,0,1,0,0,0,0,0,0,0.041110801,0
55.9,39.9,0.55,30.17,10,0,1,0,0,0,0,0,0,0,0.164621831,0
55,39.9,0.57,30.18,10,0,1,0,0,0,0,0,0,1,0.543154058,0
54,39,0.57,30.19,10,0,1,0,0,0,0,0,0,1,0.120178789,0
55,39,0.55,30.2,10,0,1,0,0,0,0,0,0,1,0.08331674,0
63,54,0.72,30.11,10,0,1,0,0,0,0,0,0,1,0.560833474,0
62.1,50,0.65,30.1,10,0,1,0,0,0,0,0,0,1,0.463073604,0
60.1,50,0.69,30.1,10,0,1,0,0,0,0,0,0,1,0.29996645,0
59,50,0.72,30.08,10,0,1,0,0,0,0,0,0,1,0.151074101,0
57.9,48.9,0.72,30.08,10,0,1,0,0,0,0,0,0,1,0.373988095,0
57,48,0.72,30.09,10,0,1,0,0,0,0,0,0,1,0.450835986,0
55.4,48.2,0.77,30.1,10,0,1,0,0,0,0,0,0,0,0.30587562,0
55.9,54,0.93,30.11,10,0,1,0,0,0,0,0,0,0,0.309397352,0
55.4,53.6,0.94,30.11,10,0,1,0,0,0,1,0,0,0,0.513011924,0
57,54,0.89,30.13,10,0,1,0,0,0,1,0,0,0,0.100448215,0
57.2,53.6,0.88,30.13,10,0,1,0,0,0,0,0,1,0,0.335427186,0
60.1,55,0.83,30.14,10,0,1,0,0,0,0,0,0,0,0.116017961,0
64,55.9,0.75,30.15,10,0,1,0,0,0,0,0,0,0,0.37169394,0
64,55,0.73,30.17,10,1,0,0,0,0,0,0,0,0,0.083649306,0
64.9,55,0.7,30.16,10,0,1,0,0,0,0,0,0,1,0.886710779,1
68,55,0.63,30.15,10,0,1,0,0,0,0,0,0,1,0.018293014,0
69.1,55,0.61,30.13,10,0,0,1,0,0,0,0,0,1,0.093929293,0
68,54,0.61,30.12,10,0,0,1,0,0,0,0,0,0,0.412032547,0
68,53.1,0.59,30.12,10,0,0,0,1,0,0,0,0,0,0.251336367,0
68,52,0.56,30.12,10,0,0,1,0,0,0,0,0,0,0.084993533,0
66.9,52,0.59,30.12,10,0,0,1,0,0,0,0,0,1,0.343226852,0
61,52,0.72,30.13,10,0,0,1,0,0,0,0,0,0,0.250191845,0
57.2,51.8,0.82,30.15,10,0,0,1,0,0,0,0,0,0,0.4546686,0
57,51.1,0.81,30.17,10,0,1,0,0,0,0,0,0,0,0.203596506,0
57,50,0.77,30.18,10,0,1,0,0,0,0,0,0,0,0.239380316,0
57,50,0.77,30.18,10,1,0,0,0,0,0,0,0,0,0.092046031,0
55.9,50,0.8,30.17,10,0,1,0,0,0,0,0,0,1,0.040827818,0
51.1,42.1,0.71,29.77,10,1,0,0,0,0,0,0,0,1,0.358096474,0
50,42.1,0.74,29.77,10,0,1,0,0,0,0,0,0,0,0.391983878,0
51.1,43,0.74,29.75,10,0,1,0,0,0,0,0,0,0,0.479975353,0
50,41,0.71,29.74,10,0,1,0,0,0,0,0,0,1,0.192189659,0
48.9,42.1,0.77,29.75,10,1,0,0,0,0,1,0,0,0,0.204466974,0
48.2,42.8,0.82,29.75,10,0,1,0,0,0,1,0,0,0,0.113028911,0
48.2,42.8,0.82,29.75,10,1,0,0,0,0,1,0,0,0,0.406914685,0
48.9,43,0.8,29.75,10,1,0,0,0,1,0,0,0,0,0.409681476,0
48.9,43,0.8,29.76,10,1,0,0,0,0,1,0,0,0,0.422977167,0
50,44.1,0.8,29.78,10,1,0,0,0,0,1,0,0,0,0.303339077,0
53.1,44.1,0.71,29.79,10,0,1,0,0,0,0,0,1,0,0.313434386,0
55.9,43,0.62,29.8,10,1,0,0,0,0,1,0,0,0,0.341574976,0
57,43,0.59,29.81,10,0,1,0,0,0,1,0,0,0,0.056640631,0
57,45,0.64,29.8,10,0,1,0,0,0,1,0,0,0,0.179547189,0
57.9,39.9,0.51,29.79,10,1,0,0,0,0,1,0,0,0,0.053597773,0
57.2,42.8,0.59,29.78,10,0,1,0,0,0,1,0,0,0,0.485992231,0
57.9,44.1,0.6,29.79,10,0,1,0,0,0,1,0,0,0,0.127861647,0
53.6,37.4,0.54,29.81,9,0,0,1,0,0,1,0,0,0,0.522610458,0
52,39.9,0.63,29.83,10,0,0,1,0,0,1,0,0,0,0.30930106,0
50,44.6,0.82,29.82,9,0,0,1,0,0,0,0,0,0,0.246008214,0
50,44.6,0.82,29.82,10,0,1,0,0,1,0,0,0,0,0.457685647,0
50,45,0.83,29.82,10,0,1,0,0,1,0,0,0,0,0.153972431,0
51.1,43,0.74,29.83,10,0,1,0,0,0,1,0,0,0,0.320668787,0
50,45,0.83,29.85,10,1,0,0,0,0,1,0,0,0,0.25688209,0
48.9,45,0.86,29.87,10,1,0,0,0,0,1,0,0,0,0.368054889,0
48.9,44.1,0.83,29.89,10,0,1,0,0,0,0,0,1,0,0.198584264,0
48.9,44.1,0.83,29.91,10,0,1,0,0,0,0,0,1,0,0.432877198,0
48,44.1,0.86,29.91,10,0,1,0,0,0,0,0,0,0,0.224917728,0
46,43,0.89,29.93,10,0,1,0,0,0,0,0,1,0,0.589349475,0
59,48.9,0.69,29.94,10,0,0,1,0,0,0,0,0,1,0.268904687,0
59,48,0.67,29.9,10,0,0,0,1,0,0,0,0,1,0.409855567,0
59,45,0.6,29.88,10,0,0,0,1,0,0,0,0,1,0.234938421,0
60.1,42.1,0.51,29.83,10,0,0,0,1,0,0,0,0,1,0.019689199,0
61,42.1,0.5,29.88,10,0,0,1,0,0,0,0,0,0,0.545115857,0
59,42.1,0.53,29.87,10,0,1,0,0,0,1,0,0,0,0.359473243,0
60.1,44.1,0.55,29.86,10,0,0,1,0,0,1,0,0,0,0.148397269,0
61,48,0.62,29.88,10,0,1,0,0,0,1,0,0,0,0.16219416,0
64.9,48,0.54,29.88,10,0,0,1,0,0,1,0,0,0,0.278435461,0
64.4,46.4,0.52,29.89,10,0,0,0,1,1,0,0,0,0,0.197144224,0
64,46.9,0.54,29.91,10,0,0,0,1,1,0,0,0,0,0.166170916,0
61,55.9,0.83,29.93,7,0,0,1,0,1,0,0,0,0,0.187828301,0
59,55.9,0.9,29.91,4,0,0,1,0,0,0,0,0,0,0.918049246,1
59,57.2,0.94,29.9,7,0,0,1,0,0,0,0,0,0,0.404297916,0
59,57,0.93,29.9,4,0,0,1,0,0,0,0,0,0,0.26501605,0
59,57.2,0.94,29.87,2.5,0,0,0,1,0,0,1,0,0,0.171037967,0
60.8,57.2,0.88,29.86,5,0,0,0,1,1,0,0,0,0,0.038900631,0
61,57.9,0.9,29.84,9,0,0,0,1,0,0,0,0,0,0.110212857,0
61,57.9,0.9,29.84,4,0,0,0,1,1,0,0,0,0,0.482324956,0
60.1,59,0.96,29.84,7,0,0,0,1,1,0,0,0,0,0.394723307,0
60.8,59,0.94,29.84,2.5,0,0,0,1,0,0,1,0,0,0.048117062,0
60.1,59,0.96,29.88,2.5,0,0,0,1,0,0,0,0,0,0.486977791,0
60.8,59,0.94,29.88,3,0,0,0,1,0,0,0,0,0,0.140186208,0
60.1,60.1,1,29.89,4,0,0,1,0,0,0,0,0,0,0.193770722,0
60.8,59,0.94,29.88,2.5,0,0,0,1,0,0,0,0,0,0.432769319,0
60.8,59,0.94,29.87,2,0,0,0,1,0,0,1,0,0,0.28681544,0
60.1,59,0.96,29.88,2.5,0,0,0,1,0,0,0,0,0,0.275273463,0
60.8,60.8,1,29.9,3,0,0,1,0,0,0,0,0,0,0.559942582,0
60.1,60.1,1,29.91,8,0,0,1,0,1,0,0,0,0,0.272198451,0
61,60.1,0.97,29.92,6,0,0,1,0,1,0,0,0,0,0.453368029,0
64,61,0.9,29.94,10,0,0,0,1,1,0,0,0,0,0.180711667,0
64.4,60.8,0.88,29.93,7,0,0,0,1,1,0,0,0,0,0.472873622,0
64,61,0.9,29.94,10,0,0,1,0,1,0,0,0,0,0.079951493,0
53.1,46,0.77,30.11,9,1,0,0,0,0,0,0,0,1,0.038727884,0
51.8,44.6,0.76,30.1,8,0,1,0,0,0,0,0,0,1,0.238961642,0
51.1,45,0.8,30.09,7,1,0,0,0,0,0,0,0,1,0.521043048,0
51.1,45,0.8,30.1,7,0,1,0,0,0,0,0,0,1,0.101981362,0
51.1,45,0.8,30.11,8,0,1,0,0,0,0,0,0,1,0.270150745,0
48.2,44.6,0.87,30.11,9,1,0,0,0,0,0,0,0,0,0.430416613,0
48.9,44.1,0.83,30.13,9,0,1,0,0,0,0,0,0,0,0.407652938,0
50,45,0.83,30.13,8,0,1,0,0,0,0,0,0,0,0.105652284,0
53.1,46.9,0.8,30.12,8,1,0,0,0,0,0,0,0,0,0.235761924,0
55.9,48,0.75,30.13,7,0,1,0,0,0,0,0,0,0,0.024927465,0
61,48.9,0.64,30.12,7,0,1,0,0,0,0,0,0,0,0.172310819,0
64,50,0.6,30.12,6,1,0,0,0,0,0,0,0,0,0.538978631,0
66.9,50,0.54,30.09,6,0,1,0,0,0,0,0,0,0,0.065500897,0
69.1,48.9,0.49,30.06,7,0,1,0,0,0,1,0,0,0,0.308488695,0
71.1,48.9,0.45,30.05,8,1,0,0,0,0,0,0,0,0,0.359253175,0
66.9,51.1,0.57,30.05,9,0,1,0,0,0,0,0,0,0,0.898053766,1
64,51.1,0.63,30.05,9,1,0,0,0,0,0,0,0,0,0.227523837,0
62.1,51.1,0.67,30.06,10,0,1,0,0,0,0,0,1,0,0.151046644,0
61,50,0.67,30.07,10,0,1,0,0,0,0,0,1,0,0.591786463,0
57,48.9,0.74,30.07,10,1,0,0,0,0,1,0,0,0,0.456306641,0
59,48.9,0.69,30.06,9,0,1,0,0,0,1,0,0,0,0.157938746,0
57,48.9,0.74,30.06,8,0,1,0,0,0,0,0,0,1,0.45323863,0
55.9,48.9,0.77,30.06,9,1,0,0,0,0,0,0,0,1,0.377498456,0
54,48,0.8,30.06,10,0,1,0,0,0,0,0,0,1,0.550945876,0
48.9,46.9,0.93,30.06,9,0,1,0,0,0,0,0,0,1,0.224744647,0
48.2,46.4,0.93,30.06,10,0,1,0,0,0,0,0,1,0,0.590052814,0
48.2,46.4,0.93,30.06,10,0,1,0,0,0,1,0,0,0,0.121834451,0
48.9,46,0.9,30.06,10,0,1,0,0,0,0,0,0,0,0.528700278,0
46.9,44.1,0.9,30.05,10,0,1,0,0,0,0,0,0,0,0.414731784,0
50,46.9,0.89,30.04,10,0,1,0,0,0,0,0,0,0,0.469010141,0
50,48,0.93,30.03,5,0,1,0,0,0,0,0,0,0,0.004056565,0
50,48.9,0.96,30.03,4,1,0,0,0,0,0,0,0,0,0.337196915,0
50,48.2,0.94,30.03,2.5,0,1,0,0,0,0,0,0,0,0.554590285,0
50,48,0.93,30.03,2.5,0,1,0,0,0,0,0,0,0,0.279697965,0
50,48,0.93,30.03,2.5,1,0,0,0,0,0,0,0,0,0.290944768,0
50,48,0.93,30.04,2.5,1,0,0,0,0,0,0,0,0,0.561417236,0
51.1,48.9,0.92,30.04,2.5,0,1,0,0,0,0,0,0,0,0.337037346,0
51.8,48.2,0.88,30.03,3,0,1,0,0,0,0,0,0,0,0.301838151,0
53.6,48.2,0.82,30.02,3,0,1,0,0,0,0,0,0,0,0.165012194,0
55,48.9,0.8,30.02,3,0,1,0,0,0,0,0,0,0,0.937052303,1
57.9,50,0.75,29.99,5,0,1,0,0,0,0,0,0,0,0.185570913,0
63,48.9,0.6,29.95,6,0,1,0,0,0,0,0,0,0,0.285470229,1
66,43,0.43,29.92,10,0,0,1,0,0,0,0,0,1,0.309633289,1
66.9,43,0.42,29.91,10,0,0,1,0,0,0,0,0,1,0.294667455,1
64,46,0.52,29.89,10,0,1,0,0,0,0,0,0,1,0.118043544,1
62.1,48.9,0.62,29.9,10,0,1,0,0,0,0,0,0,1,0.190977327,1
57,51.1,0.81,29.91,10,0,0,1,0,0,0,0,0,1,0.297895917,1
54,50,0.86,29.93,10,0,1,0,0,0,0,0,0,1,0.051817966,1
53.1,50,0.89,29.93,10,1,0,0,0,0,0,0,0,1,0.55618704,1
53.1,48.9,0.86,29.92,10,0,1,0,0,0,0,0,0,1,2.51E-04,1
53.1,50,0.89,29.94,10,0,1,0,0,0,0,0,0,1,0.13100917,1
51.1,48.9,0.92,29.93,10,1,0,0,0,0,0,0,0,1,0.255566392,1
50,46.9,0.89,29.93,10,0,1,0,0,0,0,0,0,1,0.126547202,1
48.9,44.1,0.83,30.25,10,0,1,0,0,0,0,0,0,1,0.073345168,1
48,43,0.83,30.25,10,1,0,0,0,0,0,0,0,1,0.272320514,1
46.9,43,0.86,30.26,10,1,0,0,0,0,0,0,0,1,0.221546293,1
46,42.1,0.86,30.25,10,0,1,0,0,0,0,0,0,1,0.946346495,1
44.1,41,0.89,30.25,10,0,1,0,0,0,0,0,0,1,0.900735501,1
44.1,41,0.89,30.25,10,0,1,0,0,0,0,0,0,1,0.087244236,0
45,41,0.86,30.25,10,0,1,0,0,0,0,0,1,0,0.173691087,0
46,42.1,0.86,30.26,10,0,1,0,0,0,0,0,1,0,0.504789802,0
50,45,0.83,30.27,10,0,1,0,0,0,0,0,1,0,0.527324,0
53.1,46,0.77,30.27,10,0,1,0,0,0,0,0,1,0,0.006551395,0
57.9,46.9,0.67,30.25,10,0,1,0,0,0,0,0,1,0,0.392796684,0
61,46.9,0.6,30.23,10,0,1,0,0,0,0,0,1,0,0.191052426,0
63,46,0.54,30.19,10,0,1,0,0,0,0,0,1,0,0.294136556,0
64.4,46.4,0.52,30.18,10,0,1,0,0,0,1,0,0,0,0.513018933,0
66,44.1,0.45,30.16,10,0,0,1,0,0,1,0,0,0,0.391854264,0
64.9,46,0.5,30.15,10,0,0,1,0,0,1,0,0,0,0.027497869,0
62.1,46.9,0.58,30.15,10,0,0,1,0,0,1,0,0,0,0.401376769,0
57.9,46.9,0.67,30.15,10,0,1,0,0,0,1,0,0,0,0.535525146,0
57,48,0.72,30.16,10,0,1,0,0,0,0,0,1,0,0.508897732,0
55.9,48.9,0.77,30.17,10,0,1,0,0,0,0,0,0,0,0.101070503,0
54,48.9,0.83,30.17,10,1,0,0,0,0,0,0,1,0,0.449743914,0
54,50,0.86,30.17,10,0,1,0,0,0,1,0,0,0,0.171362549,0
52,46.9,0.83,30.17,10,0,1,0,0,0,1,0,0,0,0.244321123,0
50,45,0.83,30.18,10,0,1,0,0,0,1,0,0,0,0.027347247,0
42.1,16,0.35,30.24,10,0,1,0,0,0,0,0,0,1,0.104184171,0
43,12.9,0.3,30.26,10,0,0,1,0,0,0,0,0,1,0.201633823,0
41,12.9,0.32,30.27,10,0,1,0,0,0,0,0,0,1,0.473212469,0
39.9,14,0.35,30.25,10,0,0,1,0,0,0,0,0,1,0.365063254,0
39.9,12,0.32,30.25,10,0,0,1,0,0,0,0,0,1,0.279263189,0
41,10,0.28,30.25,10,0,1,0,0,0,0,0,0,1,0.071471669,0
39,12.9,0.34,30.25,10,0,1,0,0,0,0,0,0,1,0.055971071,0
39,14,0.36,30.25,10,0,1,0,0,0,0,0,0,1,0.275223673,0
43,12.9,0.3,30.27,10,0,1,0,0,0,0,0,0,0,0.470238331,0
46,10,0.23,30.26,10,0,1,0,0,0,0,0,0,0,0.531622221,0
48,3.9,0.16,30.24,10,0,1,0,0,0,0,0,0,0,0.422037093,0
50,5,0.16,30.19,10,1,0,0,0,0,0,0,0,0,0.547373037,0
52,6.1,0.16,30.14,10,0,1,0,0,0,0,0,0,0,0.510650345,0
54,10.9,0.18,30.12,10,0,0,1,0,0,0,0,1,0,0.125045455,0
55,10,0.17,30.11,10,0,0,1,0,0,1,0,0,0,0.545386251,0
54,10,0.17,30.1,10,0,1,0,0,0,0,0,1,0,0.436117089,0
53.1,5,0.14,30.08,10,1,0,0,0,0,0,0,0,0,0.092430054,0
46.9,14,0.27,30.08,10,0,1,0,0,0,0,0,0,1,0.571785525,0
46,16,0.3,30.09,10,0,1,0,0,0,0,0,0,1,0.352568579,0
44.1,17.1,0.34,30.09,10,0,1,0,0,0,0,0,0,1,0.359073428,0
43,17.1,0.35,30.08,10,0,1,0,0,0,0,0,0,1,0.492491526,0
41,19,0.41,30.08,10,0,1,0,0,0,0,0,0,1,0.499300701,0
39.9,19.9,0.45,30.08,10,0,1,0,0,0,0,0,0,1,0.31162058,0
39.9,19.9,0.45,30.07,10,0,1,0,0,0,0,0,0,1,0.168603484,0
43,37,0.8,30.12,10,1,0,0,0,0,0,0,0,1,0.044731509,0
41,36,0.82,30.12,10,0,1,0,0,0,1,0,0,0,0.150187525,0
41,36,0.82,30.12,10,1,0,0,0,0,0,0,0,0,0.449896796,0
42.1,36,0.79,30.12,10,0,1,0,0,0,0,0,1,0,0.543557175,0
41,34,0.76,30.11,10,0,1,0,0,0,0,0,0,1,0.345343951,0
41,30.9,0.67,30.11,10,1,0,0,0,0,0,0,0,0,0.457108176,0
39.9,30.9,0.7,30.12,10,0,1,0,0,0,0,0,1,0,0.181575853,0
39.9,30.9,0.7,30.14,10,0,1,0,0,0,0,0,0,0,0.143201802,0
44.1,34,0.68,30.14,10,0,1,0,0,0,0,0,0,0,0.492602047,0
46,25,0.44,30.15,10,0,0,1,0,0,0,0,0,0,0.59894901,0
48.9,23,0.36,30.15,10,0,0,1,0,0,0,0,0,0,0.254331403,0
51.1,21,0.31,30.13,10,0,0,1,0,0,0,0,0,0,0.050812073,0
52,19.9,0.28,30.12,10,0,0,0,1,0,0,0,0,0,0.16999183,0
53.1,19,0.26,30.11,10,0,0,0,1,0,0,0,0,1,0.412147028,0
52,19,0.27,30.11,10,0,0,0,1,0,0,0,0,0,0.312516993,0
53.1,14,0.21,30.12,10,0,0,0,1,0,0,0,0,1,0.886710779,1
51.1,14,0.23,30.13,10,0,0,0,1,0,0,0,0,0,0.412443047,0
48.9,12,0.23,30.15,10,0,0,0,1,0,0,0,0,1,0.380990892,0
48,10,0.22,30.18,10,0,0,0,1,0,0,0,0,1,0.985447082,1
46.9,10.9,0.23,30.21,10,0,0,1,0,0,0,0,0,1,0.130166342,0
46,12,0.25,30.24,10,0,0,1,0,0,0,0,0,1,0.34158275,0
44.1,14,0.3,30.24,10,0,0,1,0,0,0,0,0,1,0.483505064,0
45,10.9,0.25,30.23,10,0,0,0,1,0,0,0,0,1,0.022848531,0
43,14,0.31,30.24,10,0,0,1,0,0,0,0,0,1,0.080193654,0